ID_ESQUEMA,ORDEM,ID_PONTO,NOME_PONTO,TIPO,horario_comercial,tempo_local,tipo_trecho
1,1,42,GARAGEM FORTALEZA - CE,Ponto de Fechamento - 1,,,
1,2,8,RODOVIARIA FORTALEZA - CE,Ponto de Controle - 12,,,
1,3,10,RODOVIARIA MESSEJANA CE,Ponto de Controle - 12,,,
1,4,11,RODOVIARIA DE ARACATI - CE,Ponto de Controle - 12,,,
1,5,12,RODOVIARIA MOSSORO - RN,Ponto de Controle - 12,,,
1,6,13,POSTO CHIMARRAO 2 MOSSORO - RN,Ponto de Controle - 12,,,
1,7,50,ALVORADA DO NORTE - GO /CHURRACARIA BEIRA RIO,Ponto de Controle - 12,,,
1,8,198,CHURRASCARIA GUAIBA,Ponto de Controle - 12,,,
1,9,3,RODOVIARIA DE NATAL - RN,Ponto de Controle - 12,,,
1,10,4,CHURRASCARIA CHIMARRAO MATARACA SENTIDO REC,Ponto de Controle - 12,,,
1,11,467,POSTO CHIMARRAO - JOAO PESSOA,Ponto de Controle - 12,,,
1,12,9,RODOVIARIA RECIFE-PE,Ponto de Controle - 12,,,
1,13,41,GARAGEM DE RECIFE - PE,Ponto de Fechamento - 1,,,
29,1,17,RODOVIARIA DE MACEIO - AL,Ponto de Controle - 12,,,
29,2,357,RODOVIARIA DE SAO MIGUEL DOS CAMPOS - AL,Ponto de Controle - 12,,,
29,3,146,RODOVIARIA DE ARAPIRACA-AL,Ponto de Controle - 12,,,
29,4,18,PROPRIA - SE / ROD. CHURR. GRUPO DOIS IRMAOS,Ponto de Controle - 12,,,
29,5,19,RODOVIARIA DE ARACAJU - SE,Ponto de Controle - 12,,,
29,6,60,CHURRASCARIA CACHOREIRA GRILL ESTÂNCIA 1 - SE,Ponto de Controle - 12,,,
29,7,480,SALVADOR - BA / TERMINAL RODOVIAL DE AGUAS CLARAS,Local Não Autorizado - 42,,,
29,8,145,GARAGEM SALVADOR BA,Ponto de Fechamento - 1,,,
29,9,50,ALVORADA DO NORTE - GO /CHURRACARIA BEIRA RIO,Ponto de Controle - 12,,,
29,10,44,POSTO ELITE 2 - AMELIA RODRIGUES BA,Ponto de Controle - 12,,,
29,11,27,RODOVIARIA FEIRA DE SANTANA - BA,Ponto de Controle - 12,,,
29,12,54,RODOVIARIA JEQUIE - BA,Ponto de Controle - 12,,,
29,13,151,RESTAURANTE 2 IRMAOS JEQUIE BA,Ponto de Controle - 12,,,
29,14,53,RODOVIARIA POÇOES - BA,Ponto de Controle - 12,,,
29,15,382,VITORIA DA CONQUISTA - BA /CHURR. MEGA GRILL,Ponto de Controle - 12,,,
29,16,150,REST 2 IRMÃOS MILAGRES BA,Ponto de Controle - 12,,,
29,17,48,RODOVIARIA CANDIDO SALES - BA,Ponto de Controle - 12,,,
29,18,46,RODOVIARIA SALINAS - MG,Ponto de Controle - 12,,,
29,19,45,RODOVIARIA  FRANCISCO SA - MG,Ponto de Controle - 12,,,
29,20,43,RODOVIARIA MONTES CLAROS - MG,Ponto de Controle - 12,,,
29,21,380,VIA MONTES (POSTO MONTES CLAROS),Ponto de Controle - 12,,,
29,22,15,RODOVIARIA PIRAPORA - MG,Ponto de Controle - 12,,,
29,23,35,RODOVIARIA PATOS DE MINAS - MG,Ponto de Controle - 12,,,
29,24,34,CHURRASCARIA GAUCHA LABRESCIA  PATOS DE MINAS - MG,Ponto de Controle - 12,,,
29,25,33,RODOVIARIA PATROCIONIO - MG,Ponto de Controle - 12,,,
29,26,32,RODOVIARIA UBERLANDIA - MG,Ponto de Controle - 12,,,
29,27,30,RODOVIARIA DE UBERABA - MG,Ponto de Controle - 12,,,
29,28,389,ORLANDIA - SP / Kambui Restaurante,Ponto de Controle - 12,,,
29,29,25,RODOVIARIA RIBEIRAO PRETO - SP,Ponto de Controle - 12,,,
29,30,223,RODOVIARIA DE ARARAS - SP,Ponto de Controle - 12,,,
29,31,218,RODOVIARIA DE AMERICANA - SP,Ponto de Controle - 12,,,
29,32,20,RODOVIARIA CAMPINAS - SP,Ponto de Controle - 12,,,
29,33,76,RODOVIARIA DE OSASCO-SP,Ponto de Controle - 12,,,
29,34,16,RODOVIÁRIA SAO PAULO - SP,Ponto de Controle - 12,,,
29,35,40,GARAGEM DE SAO PAULO - SP,Ponto de Fechamento - 1,,,
117,1,39,GARAGEM DE GOIANIA - GO,Ponto de Fechamento - 1,,,
117,2,24,RODOVIARIA DE GOIANIA - GO,Ponto de Controle - 12,,,
117,3,49,EXPRESSO 060 - BSB,Ponto de Controle - 12,,,
117,4,29,RODOVIARIA DE TAGUATINGA - BSB,Ponto de Controle - 12,,,
117,5,14,RODOVIARIA DE BRASILIA - BSB,Ponto de Controle - 12,,,
117,6,102,RODOVIARIA DE SOBRADINHO - DF,Ponto de Controle - 12,,,
117,7,101,RODOVIARIA DE PLANALTINA - DF,Ponto de Controle - 12,,,
117,8,105,BEZERRA - GO / CH.STILLUS,Ponto de Controle - 12,,,
117,9,183,GRUPO 2 IRMÃOS DIVISA GO/BA - GUARANI DE GOIAS,Ponto de Controle - 12,,,
117,10,68,RODOVIARIA DE LUIS EDUARDO MAGALHAES,Ponto de Controle - 12,,,
117,11,38,RODOVIARIA DE BARREIRAS - BA,Ponto de Controle - 12,,,
117,12,116,GARAGEM BARREIRAS BA,Ponto de Fechamento - 1,,,
115,1,67,GARAGEM NATAL,Ponto de Fechamento - 1,,,
115,2,3,RODOVIARIA DE NATAL - RN,Ponto de Controle - 12,,,
115,3,140,REST RARA COXINHA - PEDRA DE FOGO PB,Ponto de Controle - 12,,,
115,4,6,RODOVIARIA JOÃO PESSOA- PB,Ponto de Controle - 12,,,
115,5,9,RODOVIARIA RECIFE-PE,Ponto de Controle - 12,,,
115,6,41,GARAGEM DE RECIFE - PE,Ponto de Fechamento - 1,,,
115,7,173,RODOVIARIA DE CARUARU-PE,Ponto de Controle - 12,,,
115,8,22,POSTO PICHILAU PIONEIRO-AL,Ponto de Controle - 12,,,
115,9,17,RODOVIARIA DE MACEIO - AL,Ponto de Controle - 12,,,
115,10,357,RODOVIARIA DE SAO MIGUEL DOS CAMPOS - AL,Ponto de Controle - 12,,,
115,11,146,RODOVIARIA DE ARAPIRACA-AL,Ponto de Controle - 12,,,
115,12,18,PROPRIA - SE / ROD. CHURR. GRUPO DOIS IRMAOS,Ponto de Controle - 12,,,
115,13,19,RODOVIARIA DE ARACAJU - SE,Ponto de Controle - 12,,,
115,14,60,CHURRASCARIA CACHOREIRA GRILL ESTÂNCIA 1 - SE,Ponto de Controle - 12,,,
115,15,480,SALVADOR - BA / TERMINAL RODOVIAL DE AGUAS CLARAS,Local Não Autorizado - 42,,,
115,16,27,RODOVIARIA FEIRA DE SANTANA - BA,Ponto de Controle - 12,,,
115,17,151,RESTAURANTE 2 IRMAOS JEQUIE BA,Ponto de Controle - 12,,,
115,18,54,RODOVIARIA JEQUIE - BA,Ponto de Controle - 12,,,
115,19,53,RODOVIARIA POÇOES - BA,Ponto de Controle - 12,,,
115,20,51,RODOVIARIA VITORIA DA CONQUISTA - BA,Ponto de Controle - 12,,,
115,21,48,RODOVIARIA CANDIDO SALES - BA,Ponto de Controle - 12,,,
115,22,46,RODOVIARIA SALINAS - MG,Ponto de Controle - 12,,,
115,23,45,RODOVIARIA  FRANCISCO SA - MG,Ponto de Controle - 12,,,
115,24,43,RODOVIARIA MONTES CLAROS - MG,Ponto de Controle - 12,,,
115,25,380,VIA MONTES (POSTO MONTES CLAROS),Ponto de Controle - 12,,,
115,26,15,RODOVIARIA PIRAPORA - MG,Ponto de Controle - 12,,,
115,27,34,CHURRASCARIA GAUCHA LABRESCIA  PATOS DE MINAS - MG,Ponto de Controle - 12,,,
115,28,35,RODOVIARIA PATOS DE MINAS - MG,Ponto de Controle - 12,,,
115,29,33,RODOVIARIA PATROCIONIO - MG,Ponto de Controle - 12,,,
115,30,70,POSTO MATINHA UBERLANDIA,Ponto de Controle - 12,,,
115,31,32,RODOVIARIA UBERLANDIA - MG,Ponto de Controle - 12,,,
115,32,30,RODOVIARIA DE UBERABA - MG,Ponto de Controle - 12,,,
115,33,25,RODOVIARIA RIBEIRAO PRETO - SP,Ponto de Controle - 12,,,
115,34,149,REST. MAURO BAGATINE - LEME,Local Não Autorizado - 42,,,
115,35,223,RODOVIARIA DE ARARAS - SP,Ponto de Controle - 12,,,
115,36,218,RODOVIARIA DE AMERICANA - SP,Ponto de Controle - 12,,,
115,37,20,RODOVIARIA CAMPINAS - SP,Ponto de Controle - 12,,,
115,38,76,RODOVIARIA DE OSASCO-SP,Ponto de Controle - 12,,,
115,39,16,RODOVIÁRIA SAO PAULO - SP,Ponto de Controle - 12,,,
115,40,40,GARAGEM DE SAO PAULO - SP,Ponto de Fechamento - 1,,,
118,1,116,GARAGEM BARREIRAS BA,Ponto de Fechamento - 1,,,
118,2,38,RODOVIARIA DE BARREIRAS - BA,Ponto de Controle - 12,21:00,,
118,3,68,RODOVIARIA DE LUIS EDUARDO MAGALHAES,Ponto de Controle - 12,22:30,,
118,4,183,GRUPO 2 IRMÃOS DIVISA GO/BA - GUARANI DE GOIAS,Ponto de Controle - 12,,20,
118,5,36,RODOVIARIA DE ALVORADA DO NORTE - GO,Ponto de Controle - 12,05:00,,
118,6,105,BEZERRA - GO / CH.STILLUS,Ponto de Controle - 12,,15,
118,7,31,RODOVIARIA DE FORMOSA - GO,Ponto de Controle - 12,07:15,,
118,8,101,RODOVIARIA DE PLANALTINA - DF,Ponto de Controle - 12,07:50,,
118,9,102,RODOVIARIA DE SOBRADINHO - DF,Ponto de Controle - 12,08:10,,
118,10,14,RODOVIARIA DE BRASILIA - BSB,Ponto de Controle - 12,08:35,15,
118,11,29,RODOVIARIA DE TAGUATINGA - BSB,Ponto de Controle - 12,09:10,,
118,12,49,EXPRESSO 060 - BSB,Ponto de Controle - 12,,20,
118,13,24,RODOVIARIA DE GOIANIA - GO,Ponto de Controle - 12,12:00,,
118,14,39,GARAGEM DE GOIANIA - GO,Ponto de Fechamento - 1,,,
120,1,16,RODOVIÁRIA SAO PAULO - SP,Ponto de Controle - 12,21:53,,
120,2,76,RODOVIARIA DE OSASCO-SP,Ponto de Controle - 12,,,
120,3,20,RODOVIARIA CAMPINAS - SP,Ponto de Controle - 12,,,
120,4,218,RODOVIARIA DE AMERICANA - SP,Ponto de Controle - 12,,,
120,5,223,RODOVIARIA DE ARARAS - SP,Ponto de Controle - 12,,,
120,6,149,REST. MAURO BAGATINE - LEME,Local Não Autorizado - 42,,20,
120,7,25,RODOVIARIA RIBEIRAO PRETO - SP,Ponto de Controle - 12,,,
120,8,30,RODOVIARIA DE UBERABA - MG,Ponto de Controle - 12,,,
120,9,32,RODOVIARIA UBERLANDIA - MG,Ponto de Controle - 12,,,
120,10,61,RODOVIARIA ARAGUARI - MG,Ponto de Controle - 12,,,
120,11,193,POSTO E RESTAURANTE BRASILEIRÃO,Ponto de Controle - 12,,15,
120,12,169,RODOVIARIA DE CALDAS NOVAS - GO,Ponto de Controle - 12,,,
120,13,24,RODOVIARIA DE GOIANIA - GO,Ponto de Controle - 12,,,
120,14,28,RODOVIARIA DE ANAPOLIS - GO,Ponto de Controle - 12,,,
120,15,49,EXPRESSO 060 - BSB,Ponto de Controle - 12,,15,
120,16,14,RODOVIARIA DE BRASILIA - BSB,Ponto de Controle - 12,,,
120,17,2,GARAGEM MATRIZ BRASILIA - BSB,Ponto de Fechamento - 1,,15,
120,18,102,RODOVIARIA DE SOBRADINHO - DF,Ponto de Controle - 12,,,
120,19,101,RODOVIARIA DE PLANALTINA - DF,Ponto de Controle - 12,,,
120,20,31,RODOVIARIA DE FORMOSA - GO,Ponto de Controle - 12,,,
120,21,105,BEZERRA - GO / CH.STILLUS,Ponto de Controle - 12,,10,
120,22,36,RODOVIARIA DE ALVORADA DO NORTE - GO,Ponto de Controle - 12,,,
120,23,68,RODOVIARIA DE LUIS EDUARDO MAGALHAES,Ponto de Controle - 12,,,
120,24,38,RODOVIARIA DE BARREIRAS - BA,Ponto de Controle - 12,,10,
120,25,58,RODOVIARIA IBOTIRAMA -BA,Ponto de Controle - 12,,,
120,26,143,CHURRASCARIA 2 IRMAOS IBOTIRAMA BA,Ponto de Controle - 12,,20,
120,27,57,RODOVIARIA  SEABRA - BA,Ponto de Controle - 12,,,
120,28,7,RODOVIARIA  ITABERABA - BA,Ponto de Controle - 12,,,
120,29,27,RODOVIARIA FEIRA DE SANTANA - BA,Ponto de Controle - 12,,,
120,30,424,AMELIA RODRIGUES - BA - POSTO SÃO GONÇALO,Ponto de Controle - 12,,15,
120,31,480,SALVADOR - BA / TERMINAL RODOVIAL DE AGUAS CLARAS,Local Não Autorizado - 42,,,
120,32,145,GARAGEM SALVADOR BA,Ponto de Fechamento - 1,,10,
120,33,60,CHURRASCARIA CACHOREIRA GRILL ESTÂNCIA 1 - SE,Ponto de Controle - 12,,20,
120,34,437,ROD. DE ESTANCIA,Ponto de Controle - 12,,,
120,35,19,RODOVIARIA DE ARACAJU - SE,Ponto de Controle - 12,,,
120,36,18,PROPRIA - SE / ROD. CHURR. GRUPO DOIS IRMAOS,Ponto de Controle - 12,,,
120,37,357,RODOVIARIA DE SAO MIGUEL DOS CAMPOS - AL,Ponto de Controle - 12,,,
120,38,17,RODOVIARIA DE MACEIO - AL,Ponto de Controle - 12,,,
120,39,22,POSTO PICHILAU PIONEIRO-AL,Ponto de Controle - 12,,15,
120,40,176,RODOVIARIA DE PALMARES-PE,Ponto de Controle - 12,,,
120,41,9,RODOVIARIA RECIFE-PE,Ponto de Controle - 12,,,
120,42,6,RODOVIARIA JOÃO PESSOA- PB,Ponto de Controle - 12,,,
120,43,467,POSTO CHIMARRAO - JOAO PESSOA,Ponto de Controle - 12,,15,
120,44,3,RODOVIARIA DE NATAL - RN,Ponto de Controle - 12,,,
121,1,9,RODOVIARIA RECIFE-PE,Ponto de Controle - 12,06:30,,
121,2,173,RODOVIARIA DE CARUARU-PE,Ponto de Controle - 12,08:40,,
121,3,22,POSTO PICHILAU PIONEIRO-AL,Ponto de Controle - 12,,20,
121,4,17,RODOVIARIA DE MACEIO - AL,Ponto de Controle - 12,12:55,,
121,5,357,RODOVIARIA DE SAO MIGUEL DOS CAMPOS - AL,Ponto de Controle - 12,13:54,,
121,6,18,PROPRIA - SE / ROD. CHURR. GRUPO DOIS IRMAOS,Ponto de Controle - 12,16:49,20,
121,7,19,RODOVIARIA DE ARACAJU - SE,Ponto de Controle - 12,18:39,,
121,8,60,CHURRASCARIA CACHOREIRA GRILL ESTÂNCIA 1 - SE,Ponto de Controle - 12,,,
121,9,480,SALVADOR - BA / NOVO TERMINAL,Local Não Autorizado - 42,23:59,,
121,10,145,GARAGEM SALVADOR BA,Ponto de Fechamento - 1,,15,
121,11,44,POSTO ELITE 2 - AMELIA RODRIGUES BA,Ponto de Controle - 12,,20,
121,12,27,RODOVIARIA FEIRA DE SANTANA - BA,Ponto de Controle - 12,02:44,,
121,13,54,RODOVIARIA JEQUIE - BA,Ponto de Controle - 12,08:34,,
121,14,151,RESTAURANTE 2 IRMAOS JEQUIE BA,Ponto de Controle - 12,,15,
121,15,53,RODOVIARIA POÇOES - BA,Ponto de Controle - 12,10:08,,
121,16,51,RODOVIARIA VITORIA DA CONQUISTA - BA,Ponto de Controle - 12,11:22,15,
121,17,48,RODOVIARIA CANDIDO SALES - BA,Ponto de Controle - 12,13:37,,
121,18,46,RODOVIARIA SALINAS - MG,Ponto de Controle - 12,16:52,,
121,19,45,RODOVIARIA  FRANCISCO SA - MG,Ponto de Controle - 12,19:37,,
121,20,43,RODOVIARIA MONTES CLAROS - MG,Ponto de Controle - 12,21:27,,
121,21,380,VIA MONTES (POSTO MONTES CLAROS),Ponto de Controle - 12,,15,
121,22,15,RODOVIARIA PIRAPORA - MG,Ponto de Controle - 12,00:22,,
121,23,123,LUIZILANDIA - MG / RESTAURANTE E HOTEL 040,Ponto de Controle - 12,,20,
121,24,35,RODOVIARIA PATOS DE MINAS - MG,Ponto de Controle - 12,05:02,,
121,25,33,RODOVIARIA PATROCIONIO - MG,Ponto de Controle - 12,06:01,,
121,26,193,POSTO E RESTAURANTE BRASILEIRÃO,Ponto de Controle - 12,,,
121,27,70,POSTO MATINHA UBERLANDIA,Ponto de Controle - 12,07:35,,
121,28,30,RODOVIARIA DE UBERABA - MG,Ponto de Controle - 12,09:50,,
121,29,25,RODOVIARIA RIBEIRAO PRETO - SP,Ponto de Controle - 12,12:35,,
121,30,149,REST. MAURO BAGATINE - LEME,Local Não Autorizado - 42,,20,
121,31,223,RODOVIARIA DE ARARAS - SP,Ponto de Controle - 12,15:40,,
121,32,218,RODOVIARIA DE AMERICANA - SP,Ponto de Controle - 12,16:29,,
121,33,20,RODOVIARIA CAMPINAS - SP,Ponto de Controle - 12,17:04,,
121,34,76,RODOVIARIA DE OSASCO-SP,Ponto de Controle - 12,18:39,,
121,35,16,RODOVIÁRIA SAO PAULO - SP,Ponto de Controle - 12,19:08,,
122,1,16,RODOVIÁRIA SAO PAULO - SP,Ponto de Controle - 12,,,
122,2,76,RODOVIARIA DE OSASCO-SP,Ponto de Controle - 12,,,
122,3,20,RODOVIARIA CAMPINAS - SP,Ponto de Controle - 12,,,
122,4,218,RODOVIARIA DE AMERICANA - SP,Ponto de Controle - 12,,,
122,5,223,RODOVIARIA DE ARARAS - SP,Ponto de Controle - 12,,,
122,6,149,REST. MAURO BAGATINE - LEME,Local Não Autorizado - 42,,20,
122,7,25,RODOVIARIA RIBEIRAO PRETO - SP,Ponto de Controle - 12,,,
122,8,30,RODOVIARIA DE UBERABA - MG,Ponto de Controle - 12,,,
122,9,32,RODOVIARIA UBERLANDIA - MG,Ponto de Controle - 12,,,
122,10,70,POSTO MATINHA UBERLANDIA,Ponto de Controle - 12,,20,
122,11,33,RODOVIARIA PATROCIONIO - MG,Ponto de Controle - 12,,,
122,12,35,RODOVIARIA PATOS DE MINAS - MG,Ponto de Controle - 12,,,
122,13,34,CHURRASCARIA GAUCHA LABRESCIA  PATOS DE MINAS - MG,Ponto de Controle - 12,,20,
122,14,15,RODOVIARIA PIRAPORA - MG,Ponto de Controle - 12,,,
122,15,43,RODOVIARIA MONTES CLAROS - MG,Ponto de Controle - 12,,15,
122,16,380,VIA MONTES (POSTO MONTES CLAROS),Ponto de Controle - 12,,15,
122,17,45,RODOVIARIA  FRANCISCO SA - MG,Ponto de Controle - 12,,,
122,18,46,RODOVIARIA SALINAS - MG,Ponto de Controle - 12,,,
122,19,47,CHURRASCARIA COMETAO SANTA CRUZ DE SALINAS - MG,Ponto de Controle - 12,,15,
122,20,48,RODOVIARIA CANDIDO SALES - BA,Ponto de Controle - 12,,,
122,21,51,RODOVIARIA VITORIA DA CONQUISTA - BA,Ponto de Controle - 12,,20,
122,22,53,RODOVIARIA POÇOES - BA,Ponto de Controle - 12,,,
122,23,54,RODOVIARIA JEQUIE - BA,Ponto de Controle - 12,,,
122,24,27,RODOVIARIA FEIRA DE SANTANA - BA,Ponto de Controle - 12,,10,
122,25,44,POSTO ELITE 2 - AMELIA RODRIGUES BA,Ponto de Controle - 12,,15,
122,26,480,SALVADOR - BA / NOVO TERMINAL,Local Não Autorizado - 42,,15,
122,27,145,GARAGEM SALVADOR BA,Ponto de Fechamento - 1,,15,
122,28,60,CHURRASCARIA CACHOREIRA GRILL ESTÂNCIA 1 - SE,Ponto de Controle - 12,,20,
122,29,19,RODOVIARIA DE ARACAJU - SE,Ponto de Controle - 12,,,
122,30,18,PROPRIA - SE / ROD. CHURR. GRUPO DOIS IRMAOS,Ponto de Controle - 12,,,
122,31,357,RODOVIARIA DE SAO MIGUEL DOS CAMPOS - AL,Ponto de Controle - 12,,,
122,32,17,RODOVIARIA DE MACEIO - AL,Ponto de Controle - 12,,15,
122,33,22,POSTO PICHILAU PIONEIRO-AL,Ponto de Controle - 12,,20,
122,34,173,RODOVIARIA DE CARUARU-PE,Ponto de Controle - 12,,,
122,35,9,RODOVIARIA RECIFE-PE,Ponto de Controle - 12,,,
119,1,16,RODOVIÁRIA SAO PAULO - SP,Ponto de Controle - 12,12:53,,
119,2,76,RODOVIARIA DE OSASCO-SP,Ponto de Controle - 12,,,Urb
119,3,20,RODOVIARIA CAMPINAS - SP,Ponto de Controle - 12,,,Mun
119,4,149,REST. MAURO BAGATINE - LEME,Local Não Autorizado - 42,,30,Mun
119,5,25,RODOVIARIA RIBEIRAO PRETO - SP,Ponto de Controle - 12,,,Mun
119,6,30,RODOVIARIA DE UBERABA - MG,Ponto de Controle - 12,22:53,15,Mun
119,7,32,RODOVIARIA UBERLANDIA - MG,Ponto de Controle - 12,,15,
119,8,70,POSTO MATINHA UBERLANDIA,Ponto de Controle - 12,,30,
119,9,33,RODOVIARIA PATROCIONIO - MG,Ponto de Controle - 12,02:58,,
119,10,34,CHURRASCARIA GAUCHA LABRESCIA  PATOS DE MINAS - MG,Ponto de Controle - 12,,20,
119,11,35,RODOVIARIA PATOS DE MINAS - MG,Ponto de Controle - 12,04:03,,
119,12,15,RODOVIARIA PIRAPORA - MG,Ponto de Controle - 12,,,
119,13,43,RODOVIARIA MONTES CLAROS - MG,Ponto de Controle - 12,11:28,,
119,14,380,VIA MONTES (POSTO MONTES CLAROS),Ponto de Controle - 12,,15,
119,15,45,RODOVIARIA  FRANCISCO SA - MG,Ponto de Controle - 12,13:18,,
119,16,46,RODOVIARIA SALINAS - MG,Ponto de Controle - 12,16:08,,
119,17,47,CHURRASCARIA COMETAO SANTA CRUZ DE SALINAS - MG,Ponto de Controle - 12,,30,
119,18,48,RODOVIARIA CANDIDO SALES - BA,Ponto de Controle - 12,19:43,,
119,19,51,RODOVIARIA VITORIA DA CONQUISTA - BA,Ponto de Controle - 12,21:47,,
119,20,53,RODOVIARIA POÇOES - BA,Ponto de Controle - 12,22:53,,
119,21,54,RODOVIARIA JEQUIE - BA,Ponto de Controle - 12,00:28,,
119,22,151,RESTAURANTE 2 IRMAOS JEQUIE BA,Ponto de Controle - 12,,15,
119,23,27,RODOVIARIA FEIRA DE SANTANA - BA,Ponto de Controle - 12,05:58,,
119,24,424,AMELIA RODRIGUES - BA - POSTO SÃO GONÇALO,Ponto de Controle - 12,,15,
119,25,480,SALVADOR - BA / TERMINAL RODOVIAL DE AGUAS CLARAS,Local Não Autorizado - 42,08:28,,
119,26,19,RODOVIARIA DE ARACAJU - SE,Ponto de Controle - 12,13:53,,
119,27,18,PROPRIA - SE / ROD. CHURR. GRUPO DOIS IRMAOS,Ponto de Controle - 12,15:13,20,
119,28,146,RODOVIARIA DE ARAPIRACA-AL,Ponto de Controle - 12,17:48,,
119,29,357,RODOVIARIA DE SAO MIGUEL DOS CAMPOS - AL,Ponto de Controle - 12,18:58,,
119,30,17,RODOVIARIA DE MACEIO - AL,Ponto de Controle - 12,19:58,,
119,31,22,POSTO PICHILAU PIONEIRO-AL,Ponto de Controle - 12,,15,
119,32,173,RODOVIARIA DE CARUARU-PE,Ponto de Controle - 12,23:18,,
119,33,9,RODOVIARIA RECIFE-PE,Ponto de Controle - 12,02:03,,
119,34,41,GARAGEM DE RECIFE - PE,Ponto de Fechamento - 1,,,
119,35,140,REST RARA COXINHA - PEDRA DE FOGO PB,Ponto de Controle - 12,,20,
119,36,6,RODOVIARIA JOÃO PESSOA- PB,Ponto de Controle - 12,05:18,,
119,37,3,RODOVIARIA DE NATAL - RN,Ponto de Controle - 12,08:03,,
113,1,3,RODOVIARIA DE NATAL - RN,Ponto de Controle - 12,01:00,,
113,2,194,CHURRASCARIA CHIMARRÃO - MOSSORÓ 2,Ponto de Controle - 12,,15,
113,3,388,APODI - RN - AGENCIA CATEDRAL,Ponto Auxiliar - 2,06:30,,
113,4,154,RODOVIARIA PAU DOS FERROS - RN,Ponto de Controle - 12,08:00,,
113,5,155,RODOVIARIA DE CAJAZEIRAS-PB,Ponto de Controle - 12,10:00,,
113,6,156,POSTO PATAGONIA 2 IRMAOS/ROD.  - BARRO - CE,Ponto de Controle - 12,,20,
113,7,157,RODOVIARIA DE JUAZEIRO DO NORTE - CE,Ponto de Controle - 12,13:00,,
113,8,158,RODOVIARIA DE BREJO SANTO - CE,Ponto de Controle - 12,14:10,,
113,9,159,CHURRASCARIA ITAMARATY - 2 IRMAOS - SALGUEIRO PE,Ponto de Controle - 12,,15,
113,10,160,RODOVIARIA DE SALGUEIRO PE,Ponto de Controle - 12,15:45,,
113,11,161,RODOVIARIA DE PETROLINA-PE,Ponto de Controle - 12,20:10,,
113,12,162,RODOVIARIA DE JUAZEIRO-BA,Ponto de Controle - 12,20:30,,
113,13,163,CHURRASCARIA 2 IRMÃOS - JUAZEIRO BA,Ponto de Controle - 12,,30,
113,14,164,RODOVIARIA DE SENHOR DO BONFIM-BA,Ponto de Controle - 12,22:50,,
113,15,166,RODOVIARIA DE JACOBINA-BA,Ponto de Controle - 12,00:55,,
113,16,185,RODOVIARIA MORRO DO CHAPEU - BA,Ponto de Controle - 12,03:40,,
113,17,167,CHURRASCARIA CHIMARRAO - MORRO DO CHAPEU-BA,Ponto de Controle - 12,,,
113,18,57,RODOVIARIA  SEABRA - BA,Ponto de Controle - 12,06:45,,
113,19,199,POSTO DDD 242,Ponto de Controle - 12,,15,
113,20,58,RODOVIARIA IBOTIRAMA -BA,Ponto de Controle - 12,10:00,,
113,21,108,RODOVIARIA DE STA MARIA DA VITORIA,Ponto de Controle - 12,14:20,,
113,22,107,RODOVIARIA DE CORRENTINA BA,Ponto de Controle - 12,15:20,,
113,23,36,RODOVIARIA DE ALVORADA DO NORTE - GO,Ponto de Controle - 12,20:55,20,
113,24,50,ALVORADA DO NORTE - GO /CHURRACARIA BEIRA RIO,Ponto de Controle - 12,,20,
113,25,105,BEZERRA - GO / CH.STILLUS,Ponto de Controle - 12,,15,
113,26,31,RODOVIARIA DE FORMOSA - GO,Ponto de Controle - 12,23:45,,
113,27,101,RODOVIARIA DE PLANALTINA - DF,Ponto de Controle - 12,00:25,,
113,28,102,RODOVIARIA DE SOBRADINHO - DF,Ponto de Controle - 12,00:50,,
113,29,14,RODOVIARIA DE BRASILIA - BSB,Ponto de Controle - 12,01:20,15,
113,30,29,RODOVIARIA DE TAGUATINGA - BSB,Ponto de Controle - 12,02:00,,
113,31,28,RODOVIARIA DE ANAPOLIS - GO,Ponto de Controle - 12,04:00,,
113,32,24,RODOVIARIA DE GOIANIA - GO,Ponto de Controle - 12,05:00,,
113,33,169,RODOVIARIA DE CALDAS NOVAS - GO,Ponto de Controle - 12,08:00,,
113,34,438,Postos Shell em MARZAGAO - GO,Local Não Autorizado - 42,,,
113,35,61,RODOVIARIA ARAGUARI - MG,Ponto de Controle - 12,10:25,,
113,36,32,RODOVIARIA UBERLANDIA - MG,Ponto de Controle - 12,11:40,,
113,37,70,POSTO MATINHA UBERLANDIA,Ponto de Controle - 12,,15,
113,38,25,RODOVIARIA RIBEIRAO PRETO - SP,Ponto de Controle - 12,16:25,,Mun
113,39,170,RODOVIARIA DE PIRASSUNUNGA-SP,Ponto de Controle - 12,18:00,,Mun
113,40,171,RODOVIARIA DE LEME-SP,Ponto de Controle - 12,18:30,,Mun
113,41,149,REST. MAURO BAGATINE - LEME,Local Não Autorizado - 42,,15,Mun
113,42,20,RODOVIARIA CAMPINAS - SP,Ponto de Controle - 12,20:35,,Mun
113,43,172,RODOVIARIA DE JUNDIAI-SP,Ponto de Controle - 12,21:10,,Mun
113,44,76,RODOVIARIA DE OSASCO-SP,Ponto de Controle - 12,22:05,,Mun
113,45,16,RODOVIÁRIA SAO PAULO - SP,Ponto de Controle - 12,22:35,,
125,1,16,RODOVIÁRIA SAO PAULO - SP,Ponto de Controle - 12,,,
125,2,76,RODOVIARIA DE OSASCO-SP,Ponto de Controle - 12,,,Urb
125,3,172,RODOVIARIA DE JUNDIAI-SP,Ponto de Controle - 12,,,Mun
125,4,20,RODOVIARIA CAMPINAS - SP,Ponto de Controle - 12,,,Mun
125,5,149,REST. MAURO BAGATINE - LEME,Local Não Autorizado - 42,,20,Mun
125,6,171,RODOVIARIA DE LEME-SP,Ponto de Controle - 12,,,Mun
125,7,170,RODOVIARIA DE PIRASSUNUNGA-SP,Ponto de Controle - 12,,,
125,8,25,RODOVIARIA RIBEIRAO PRETO - SP,Ponto de Controle - 12,,15,
125,9,30,RODOVIARIA DE UBERABA - MG,Ponto de Controle - 12,,15,
125,10,32,RODOVIARIA UBERLANDIA - MG,Ponto de Controle - 12,,15,
125,11,193,POSTO E RESTAURANTE BRASILEIRÃO,Ponto de Controle - 12,,30,
125,12,61,RODOVIARIA ARAGUARI - MG,Ponto de Controle - 12,,15,BR
125,13,169,RODOVIARIA DE CALDAS NOVAS - GO,Ponto de Controle - 12,,15,
125,14,24,RODOVIARIA DE GOIANIA - GO,Ponto de Controle - 12,,15,
125,15,39,GARAGEM DE GOIANIA - GO,Ponto de Fechamento - 1,,15,
125,16,28,RODOVIARIA DE ANAPOLIS - GO,Ponto de Controle - 12,,,
125,17,49,EXPRESSO 060 - BSB,Ponto de Controle - 12,,15,Mun
125,18,29,RODOVIARIA DE TAGUATINGA - BSB,Ponto de Controle - 12,,,Mun
125,19,14,RODOVIARIA DE BRASILIA - BSB,Ponto de Controle - 12,,20,Mun
125,20,102,RODOVIARIA DE SOBRADINHO - DF,Ponto de Controle - 12,,,Mun
125,21,101,RODOVIARIA DE PLANALTINA - DF,Ponto de Controle - 12,,,Mun
125,22,31,RODOVIARIA DE FORMOSA - GO,Ponto de Controle - 12,,,Mun
125,23,105,BEZERRA - GO / CH.STILLUS,Ponto de Controle - 12,,15,
125,24,36,RODOVIARIA DE ALVORADA DO NORTE - GO,Ponto de Controle - 12,,,
125,25,183,GRUPO 2 IRMÃOS DIVISA GO/BA - GUARANI DE GOIAS,Ponto de Controle - 12,,20,
125,26,107,RODOVIARIA DE CORRENTINA BA,Ponto de Controle - 12,,,
125,27,108,RODOVIARIA DE STA MARIA DA VITORIA,Ponto de Controle - 12,,15,
125,28,109,RODOVIARIA DE SANTANA BA,Ponto de Controle - 12,,,
125,29,58,RODOVIARIA IBOTIRAMA -BA,Ponto de Controle - 12,,,
125,30,143,CHURRASCARIA 2 IRMAOS IBOTIRAMA BA,Ponto de Controle - 12,,15,
125,31,57,RODOVIARIA  SEABRA - BA,Ponto de Controle - 12,,,
125,32,142,REST E POUSADA SEABRA,Ponto de Controle - 12,,15,
125,33,185,RODOVIARIA MORRO DO CHAPEU - BA,Ponto de Controle - 12,,,
125,34,167,CHURRASCARIA CHIMARRAO - MORRO DO CHAPEU-BA,Ponto de Controle - 12,,15,
125,35,166,RODOVIARIA DE JACOBINA-BA,Ponto de Controle - 12,,,
125,36,164,RODOVIARIA DE SENHOR DO BONFIM-BA,Ponto de Controle - 12,,,
125,37,163,CHURRASCARIA 2 IRMÃOS - JUAZEIRO BA,Ponto de Controle - 12,,15,
125,38,162,RODOVIARIA DE JUAZEIRO-BA,Ponto de Controle - 12,,,
125,39,161,RODOVIARIA DE PETROLINA-PE,Ponto de Controle - 12,,15,
125,40,160,RODOVIARIA DE SALGUEIRO PE,Ponto de Controle - 12,,,
125,41,159,CHURRASCARIA ITAMARATY - 2 IRMAOS - SALGUEIRO PE,Ponto de Controle - 12,,15,
125,42,158,RODOVIARIA DE BREJO SANTO - CE,Ponto de Controle - 12,,,
125,43,155,RODOVIARIA DE CAJAZEIRAS-PB,Ponto de Controle - 12,,,
125,44,154,RODOVIARIA PAU DOS FERROS - RN,Ponto de Controle - 12,,,
125,45,388,RODOVIARIA - APODI - RN,Ponto Auxiliar - 2,,,
125,46,194,CHURRASCARIA CHIMARRÃO - MOSSORÓ 2,Ponto de Controle - 12,,20,
125,47,3,RODOVIARIA DE NATAL - RN,Ponto de Controle - 12,,,
126,1,24,RODOVIARIA DE GOIANIA - GO,Ponto de Controle - 12,15:30,,
126,2,28,RODOVIARIA DE ANAPOLIS - GO,Ponto de Controle - 12,16:30,,
126,3,29,RODOVIARIA DE TAGUATINGA - BSB,Ponto de Controle - 12,19:20,5,
126,4,14,RODOVIARIA DE BRASILIA - BSB,Ponto de Controle - 12,20:10,15,
126,5,2,GARAGEM MATRIZ BRASILIA - BSB,Ponto de Fechamento - 1,,15,
126,6,102,RODOVIARIA DE SOBRADINHO - DF,Ponto de Controle - 12,20:40,,
126,7,101,RODOVIARIA DE PLANALTINA - DF,Ponto de Controle - 12,21:10,,
126,8,31,RODOVIARIA DE FORMOSA - GO,Ponto de Controle - 12,21:40,,
126,9,105,BEZERRA - GO / CH.STILLUS,Ponto de Controle - 12,,15,
126,10,183,GRUPO 2 IRMÃOS DIVISA GO/BA - GUARANI DE GOIAS,Ponto de Controle - 12,,20,
126,11,36,RODOVIARIA DE ALVORADA DO NORTE - GO,Ponto de Controle - 12,01:00,,
126,12,68,RODOVIARIA DE LUIS EDUARDO MAGALHAES,Ponto de Controle - 12,05:40,15,
126,13,38,RODOVIARIA DE BARREIRAS - BA,Ponto de Controle - 12,07:25,15,Urb
126,14,116,GARAGEM BARREIRAS BA,Ponto de Fechamento - 1,,15,
126,15,58,RODOVIARIA IBOTIRAMA -BA,Ponto de Controle - 12,11:20,,
126,16,57,RODOVIARIA  SEABRA - BA,Ponto de Controle - 12,15:00,,
126,17,199,POSTO DDD 242,Ponto de Controle - 12,,15,
126,18,7,RODOVIARIA  ITABERABA - BA,Ponto de Controle - 12,18:30,,
126,19,56,CHURRASCARIA PORTAL DO SOL ITABERABA - BA,Ponto de Controle - 12,,15,
126,20,27,RODOVIARIA FEIRA DE SANTANA - BA,Ponto de Controle - 12,21:15,,
126,21,480,SALVADOR - BA / NOVO TERMINAL,Local Não Autorizado - 42,23:59,,
126,22,145,GARAGEM SALVADOR BA,Ponto de Fechamento - 1,,15,
126,23,437,ROD. DE ESTANCIA,Ponto de Controle - 12,04:30,,
126,24,60,CHURRASCARIA CACHOREIRA GRILL ESTÂNCIA 1 - SE,Ponto de Controle - 12,,15,
126,25,19,RODOVIARIA DE ARACAJU - SE,Ponto de Controle - 12,05:30,,
126,26,18,PROPRIA - SE / ROD. CHURR. GRUPO DOIS IRMAOS,Ponto de Controle - 12,,20,
126,27,146,RODOVIARIA DE ARAPIRACA-AL,Ponto de Controle - 12,08:20,,
126,28,357,RODOVIARIA DE SAO MIGUEL DOS CAMPOS - AL,Ponto de Controle - 12,10:00,,
126,29,17,RODOVIARIA DE MACEIO - AL,Ponto de Controle - 12,11:00,,
126,30,22,POSTO PICHILAU PIONEIRO-AL,Ponto de Controle - 12,,15,
126,31,173,RODOVIARIA DE CARUARU-PE,Ponto de Controle - 12,13:00,,
126,32,9,RODOVIARIA RECIFE-PE,Ponto de Controle - 12,16:20,,
126,33,41,GARAGEM DE RECIFE - PE,Ponto de Fechamento - 1,,15,
126,34,200,VILA FIRMEZA - PE - CHURR. CARNE E QUEIJO,Local Não Autorizado - 42,,20,
126,35,6,RODOVIARIA JOÃO PESSOA- PB,Ponto de Controle - 12,19:05,,
126,36,467,POSTO CHIMARRAO - JOAO PESSOA,Ponto de Controle - 12,,15,
126,37,3,RODOVIARIA DE NATAL - RN,Ponto de Controle - 12,22:10,,
127,1,9,RODOVIARIA RECIFE-PE,Ponto de Controle - 12,19:30,,
127,2,6,RODOVIARIA JOÃO PESSOA- PB,Ponto de Controle - 12,21:30,20,Urb
127,3,59,CHURRASCARIA CHIMARRAO MATARACA SENTIDO FOR,Ponto de Controle - 12,,20,Est
127,4,3,RODOVIARIA DE NATAL - RN,Ponto de Controle - 12,00:50,20,
127,5,12,RODOVIARIA MOSSORO - RN,Ponto de Controle - 12,04:15,,
127,6,11,RODOVIARIA DE ARACATI - CE,Ponto de Controle - 12,05:30,,
127,7,10,RODOVIARIA MESSEJANA CE,Ponto de Controle - 12,09:10,10,
127,8,8,RODOVIARIA FORTALEZA - CE,Ponto de Controle - 12,09:45,,
128,1,8,RODOVIARIA FORTALEZA - CE,Ponto de Controle - 12,19:30,5,Urb
128,2,10,RODOVIARIA MESSEJANA CE,Ponto de Controle - 12,19:55,20,
128,3,11,RODOVIARIA DE ARACATI - CE,Ponto de Controle - 12,21:45,,
128,4,12,RODOVIARIA MOSSORO - RN,Ponto de Controle - 12,23:00,,
128,5,3,RODOVIARIA DE NATAL - RN,Ponto de Controle - 12,03:05,,
128,6,67,GARAGEM NATAL,Ponto de Fechamento - 1,,15,
128,7,4,CHURRASCARIA CHIMARRAO MATARACA SENTIDO REC,Ponto de Controle - 12,,20,
128,8,6,RODOVIARIA JOÃO PESSOA- PB,Ponto de Controle - 12,07:00,10,
128,9,9,RODOVIARIA RECIFE-PE,Ponto de Controle - 12,09:00,,
129,1,8,RODOVIARIA FORTALEZA - CE,Ponto de Controle - 12,21:00,,
129,2,10,RODOVIARIA MESSEJANA CE,Ponto de Controle - 12,21:30,5,
129,3,11,RODOVIARIA DE ARACATI - CE,Ponto de Controle - 12,23:35,5,Mun
129,4,403,MOSSORÓ - RN - POST. DOMINGOS,Local Não Autorizado - 42,,15,
129,5,12,RODOVIARIA MOSSORO - RN,Ponto de Controle - 12,00:55,5,
129,6,3,RODOVIARIA DE NATAL - RN,Ponto de Controle - 12,05:45,10,
129,7,67,GARAGEM NATAL,Ponto de Fechamento - 1,,15,
129,8,4,CHURRASCARIA CHIMARRAO MATARACA SENTIDO REC,Ponto de Controle - 12,,15,Mun
129,9,6,RODOVIARIA JOÃO PESSOA- PB,Ponto de Controle - 12,09:20,10,
129,10,9,RODOVIARIA RECIFE-PE,Ponto de Controle - 12,11:25,,
130,1,9,RODOVIARIA RECIFE-PE,Ponto de Controle - 12,21:00,,
130,2,467,POSTO CHIMARRAO - JOAO PESSOA,Ponto de Controle - 12,,15,
130,3,6,RODOVIARIA JOÃO PESSOA- PB,Ponto de Controle - 12,23:15,15,
130,4,3,RODOVIARIA DE NATAL - RN,Ponto de Controle - 12,02:40,15,
130,5,67,GARAGEM NATAL,Ponto de Fechamento - 1,,15,
130,6,12,RODOVIARIA MOSSORO - RN,Ponto de Controle - 12,07:20,,
130,7,403,MOSSORÓ - RN - POST. DOMINGOS,Local Não Autorizado - 42,,15,
130,8,11,RODOVIARIA DE ARACATI - CE,Ponto de Controle - 12,08:45,,
130,9,10,RODOVIARIA MESSEJANA CE,Ponto de Controle - 12,10:40,,
130,10,8,RODOVIARIA FORTALEZA - CE,Ponto de Controle - 12,11:00,,
131,1,24,RODOVIARIA DE GOIANIA - GO,Ponto de Controle - 12,,,
131,2,28,RODOVIARIA DE ANAPOLIS - GO,Ponto de Controle - 12,,,
131,3,29,RODOVIARIA DE TAGUATINGA - BSB,Ponto de Controle - 12,,,
131,4,14,RODOVIARIA DE BRASILIA - BSB,Ponto de Controle - 12,,15,
131,5,2,GARAGEM MATRIZ BRASILIA - BSB,Ponto de Fechamento - 1,,15,
131,6,102,RODOVIARIA DE SOBRADINHO - DF,Ponto de Controle - 12,,,
131,7,101,RODOVIARIA DE PLANALTINA - DF,Ponto de Controle - 12,,,
131,8,31,RODOVIARIA DE FORMOSA - GO,Ponto de Controle - 12,,,
131,9,105,BEZERRA - GO / CH.STILLUS,Ponto de Controle - 12,,15,
131,10,183,GRUPO 2 IRMÃOS DIVISA GO/BA - GUARANI DE GOIAS,Ponto de Controle - 12,,15,
131,11,36,RODOVIARIA DE ALVORADA DO NORTE - GO,Ponto de Controle - 12,,,
131,12,68,RODOVIARIA DE LUIS EDUARDO MAGALHAES,Ponto de Controle - 12,,15,
131,13,38,RODOVIARIA DE BARREIRAS - BA,Ponto de Controle - 12,,10,
131,14,116,GARAGEM BARREIRAS BA,Ponto de Fechamento - 1,,15,
131,15,58,RODOVIARIA IBOTIRAMA -BA,Ponto de Controle - 12,,,
131,16,143,CHURRASCARIA 2 IRMAOS IBOTIRAMA BA,Ponto de Controle - 12,,15,
131,17,57,RODOVIARIA  SEABRA - BA,Ponto de Controle - 12,,,
131,18,7,RODOVIARIA  ITABERABA - BA,Ponto de Controle - 12,,,
131,19,27,RODOVIARIA FEIRA DE SANTANA - BA,Ponto de Controle - 12,,,
131,20,386,AMELIA RODRIGUES - BA - POSTO SÃO GONÇALO4,Ponto de Controle - 12,,15,
131,21,480,SALVADOR - BA / NOVO TERMINAL,Local Não Autorizado - 42,,15,
131,22,437,ROD. DE ESTANCIA,Ponto de Controle - 12,,,
131,23,60,CHURRASCARIA CACHOREIRA GRILL ESTÂNCIA 1 - SE,Ponto de Controle - 12,,15,
131,24,19,RODOVIARIA DE ARACAJU - SE,Ponto de Controle - 12,,,
131,25,18,PROPRIA - SE / ROD. CHURR. GRUPO DOIS IRMAOS,Ponto de Controle - 12,,15,
131,26,146,RODOVIARIA DE ARAPIRACA-AL,Ponto de Controle - 12,,,
131,27,357,RODOVIARIA DE SAO MIGUEL DOS CAMPOS - AL,Ponto de Controle - 12,,,
131,28,17,RODOVIARIA DE MACEIO - AL,Ponto de Controle - 12,,,
131,29,22,POSTO PICHILAU PIONEIRO-AL,Ponto de Controle - 12,,15,
131,30,173,RODOVIARIA DE CARUARU-PE,Ponto de Controle - 12,,,
131,31,9,RODOVIARIA RECIFE-PE,Ponto de Controle - 12,,15,
131,32,6,RODOVIARIA JOÃO PESSOA- PB,Ponto de Controle - 12,,,
131,33,200,VILA FIRMEZA - PE - CHURR. CARNE E QUEIJO,Local Não Autorizado - 42,,15,
131,34,3,RODOVIARIA DE NATAL - RN,Ponto de Controle - 12,,,
132,1,3,RODOVIARIA DE NATAL - RN,Ponto de Controle - 12,04:00,,
132,2,467,POSTO CHIMARRAO - JOAO PESSOA,Ponto de Controle - 12,,15,Urb
132,3,6,RODOVIARIA JOÃO PESSOA- PB,Ponto de Controle - 12,07:20,,
132,4,9,RODOVIARIA RECIFE-PE,Ponto de Controle - 12,10:00,,Urb
132,5,41,GARAGEM DE RECIFE - PE,Ponto de Fechamento - 1,,15,
132,6,173,RODOVIARIA DE CARUARU-PE,Ponto de Controle - 12,12:30,,
132,7,22,POSTO PICHILAU PIONEIRO-AL,Ponto de Controle - 12,,20,
132,8,17,RODOVIARIA DE MACEIO - AL,Ponto de Controle - 12,16:35,,
132,9,357,RODOVIARIA DE SAO MIGUEL DOS CAMPOS - AL,Ponto de Controle - 12,17:20,,
132,10,146,RODOVIARIA DE ARAPIRACA-AL,Ponto de Controle - 12,18:45,,
132,11,18,PROPRIA - SE / ROD. CHURR. GRUPO DOIS IRMAOS,Ponto de Controle - 12,,15,
132,12,19,RODOVIARIA DE ARACAJU - SE,Ponto de Controle - 12,22:40,,
132,13,60,CHURRASCARIA CACHOREIRA GRILL ESTÂNCIA 1 - SE,Ponto de Controle - 12,,15,
132,14,480,SALVADOR - BA / NOVO TERMINAL,Local Não Autorizado - 42,04:00,,
132,15,145,GARAGEM SALVADOR BA,Ponto de Fechamento - 1,,15,
132,16,424,AMELIA RODRIGUES - BA - POSTO SÃO GONÇALO,Ponto de Controle - 12,,15,
132,17,27,RODOVIARIA FEIRA DE SANTANA - BA,Ponto de Controle - 12,06:40,,
132,18,7,RODOVIARIA  ITABERABA - BA,Ponto de Controle - 12,09:15,,
132,19,56,CHURRASCARIA PORTAL DO SOL ITABERABA - BA,Ponto de Controle - 12,,15,
132,20,57,RODOVIARIA  SEABRA - BA,Ponto de Controle - 12,13:30,,
132,21,58,RODOVIARIA IBOTIRAMA -BA,Ponto de Controle - 12,13:40,,
132,22,143,CHURRASCARIA 2 IRMAOS IBOTIRAMA BA,Ponto de Controle - 12,,20,
132,23,38,RODOVIARIA DE BARREIRAS - BA,Ponto de Controle - 12,20:20,,
132,24,116,GARAGEM BARREIRAS BA,Ponto de Fechamento - 1,,15,
132,25,68,RODOVIARIA DE LUIS EDUARDO MAGALHAES,Ponto de Controle - 12,21:20,,
132,26,183,GRUPO 2 IRMÃOS DIVISA GO/BA - GUARANI DE GOIAS,Ponto de Controle - 12,,20,
132,27,36,RODOVIARIA DE ALVORADA DO NORTE - GO,Ponto de Controle - 12,01:45,,
132,28,105,BEZERRA - GO / CH.STILLUS,Ponto de Controle - 12,,15,Mun
132,29,31,RODOVIARIA DE FORMOSA - GO,Ponto de Controle - 12,05:05,,Urb
132,30,101,RODOVIARIA DE PLANALTINA - DF,Ponto de Controle - 12,05:45,,Urb
132,31,102,RODOVIARIA DE SOBRADINHO - DF,Ponto de Controle - 12,06:10,,Urb
132,32,14,RODOVIARIA DE BRASILIA - BSB,Ponto de Controle - 12,06:40,,Urb
132,33,2,GARAGEM MATRIZ BRASILIA - BSB,Ponto de Fechamento - 1,,15,Urb
132,34,29,RODOVIARIA DE TAGUATINGA - BSB,Ponto de Controle - 12,07:30,,Urb
132,35,49,EXPRESSO 060 - BSB,Ponto de Controle - 12,,15,
132,36,28,RODOVIARIA DE ANAPOLIS - GO,Ponto de Controle - 12,09:40,,
132,37,24,RODOVIARIA DE GOIANIA - GO,Ponto de Controle - 12,10:40,,
133,1,480,SALVADOR - BA / NOVO TERMINAL,Local Não Autorizado - 42,18:45,,
133,2,60,CHURRASCARIA CACHOREIRA GRILL ESTÂNCIA 1 - SE,Ponto de Controle - 12,,20,
133,3,19,RODOVIARIA DE ARACAJU - SE,Ponto de Controle - 12,23:59,,
133,4,18,PROPRIA - SE / ROD. CHURR. GRUPO DOIS IRMAOS,Ponto de Controle - 12,,15,
133,5,17,RODOVIARIA DE MACEIO - AL,Ponto de Controle - 12,05:00,,
133,6,22,POSTO PICHILAU PIONEIRO-AL,Ponto de Controle - 12,,15,
133,7,9,RODOVIARIA RECIFE-PE,Ponto de Controle - 12,09:30,,
135,1,480,SALVADOR - BA / NOVO TERMINAL,Local Não Autorizado - 42,21:00,,BR
135,2,60,CHURRASCARIA CACHOREIRA GRILL ESTÂNCIA 1 - SE,Ponto de Controle - 12,,15,Est
135,3,19,RODOVIARIA DE ARACAJU - SE,Ponto de Controle - 12,02:35,,BR
135,4,18,PROPRIA - SE / ROD. CHURR. GRUPO DOIS IRMAOS,Ponto de Controle - 12,,15,BR
135,5,17,RODOVIARIA DE MACEIO - AL,Ponto de Controle - 12,07:30,10,Est
135,6,22,POSTO PICHILAU PIONEIRO-AL,Ponto de Controle - 12,,15,BR
135,7,9,RODOVIARIA RECIFE-PE,Ponto de Controle - 12,12:20,,
134,1,9,RODOVIARIA RECIFE-PE,Ponto de Controle - 12,18:45,,
134,2,22,POSTO PICHILAU PIONEIRO-AL,Ponto de Controle - 12,,20,Urb
134,3,17,RODOVIARIA DE MACEIO - AL,Ponto de Controle - 12,23:30,15,
134,4,18,PROPRIA - SE / ROD. CHURR. GRUPO DOIS IRMAOS,Ponto de Controle - 12,,20,Urb
134,5,19,RODOVIARIA DE ARACAJU - SE,Ponto de Controle - 12,04:15,15,
134,6,5,RODOVIARIA DE SALVADOR - BA,Ponto de Controle - 12,09:30,,
116,1,3,RODOVIARIA DE NATAL - RN,Ponto de Controle - 12,10:30,,
116,2,4,CHURRASCARIA CHIMARRAO MATARACA SENTIDO REC,Ponto de Controle - 12,,,
116,3,6,RODOVIARIA JOÃO PESSOA- PB,Ponto de Controle - 12,14:00,,BR
116,4,9,RODOVIARIA RECIFE-PE,Ponto de Controle - 12,16:40,,Urb
116,5,41,GARAGEM DE RECIFE - PE,Ponto de Fechamento - 1,,,
116,6,176,RODOVIARIA DE PALMARES-PE,Ponto de Controle - 12,,,
116,7,22,POSTO PICHILAU PIONEIRO-AL,Ponto de Controle - 12,,,Urb
116,8,17,RODOVIARIA DE MACEIO - AL,Ponto de Controle - 12,23:05,,BR
116,9,357,RODOVIARIA DE SAO MIGUEL DOS CAMPOS - AL,Ponto de Controle - 12,00:25,,
116,10,18,PROPRIA - SE / ROD. CHURR. GRUPO DOIS IRMAOS,Ponto de Controle - 12,,,Urb
116,11,19,RODOVIARIA DE ARACAJU - SE,Ponto de Controle - 12,04:20,,BR
116,12,60,CHURRASCARIA CACHOREIRA GRILL ESTÂNCIA 1 - SE,Ponto de Controle - 12,,,BR
116,13,480,SALVADOR - BA / TERMINAL RODOVIAL DE AGUAS CLARAS,Local Não Autorizado - 42,10:20,,
116,14,44,POSTO ELITE 2 - AMELIA RODRIGUES BA,Ponto de Controle - 12,,,
116,15,27,RODOVIARIA FEIRA DE SANTANA - BA,Ponto de Controle - 12,13:55,,BR
116,16,7,RODOVIARIA  ITABERABA - BA,Ponto de Controle - 12,16:35,,BR
116,17,56,CHURRASCARIA PORTAL DO SOL ITABERABA - BA,Ponto de Controle - 12,,,BR
116,18,57,RODOVIARIA  SEABRA - BA,Ponto de Controle - 12,20:05,,
116,19,199,POSTO DDD 242,Ponto de Controle - 12,,,
116,20,58,RODOVIARIA IBOTIRAMA -BA,Ponto de Controle - 12,00:20,,BR
116,21,143,CHURRASCARIA 2 IRMAOS IBOTIRAMA BA,Ponto de Controle - 12,,,BR
116,22,38,RODOVIARIA DE BARREIRAS - BA,Ponto de Controle - 12,03:35,,BR
116,23,116,GARAGEM BARREIRAS BA,Ponto de Fechamento - 1,,,BR
116,24,68,RODOVIARIA DE LUIS EDUARDO MAGALHAES,Ponto de Controle - 12,05:40,,BR
116,25,183,GRUPO 2 IRMÃOS DIVISA GO/BA - GUARANI DE GOIAS,Ponto de Controle - 12,,,BR
116,26,36,RODOVIARIA DE ALVORADA DO NORTE - GO,Ponto de Controle - 12,09:00,,BR
116,27,105,BEZERRA - GO / CH.STILLUS,Ponto de Controle - 12,,,Mun
116,28,31,RODOVIARIA DE FORMOSA - GO,Ponto de Controle - 12,12:25,,Urb
116,29,101,RODOVIARIA DE PLANALTINA - DF,Ponto de Controle - 12,13:10,,Urb
116,30,102,RODOVIARIA DE SOBRADINHO - DF,Ponto de Controle - 12,14:00,,Urb
116,31,14,RODOVIARIA DE BRASILIA - BSB,Ponto de Controle - 12,14:55,,
116,32,29,RODOVIARIA DE TAGUATINGA - BSB,Ponto de Controle - 12,16:10,,Urb
116,33,49,EXPRESSO 060 - BSB,Ponto de Controle - 12,,,
116,34,24,RODOVIARIA DE GOIANIA - GO,Ponto de Controle - 12,20:20,,
116,35,39,GARAGEM DE GOIANIA - GO,Ponto de Fechamento - 1,,,
116,36,169,RODOVIARIA DE CALDAS NOVAS - GO,Ponto de Controle - 12,01:05,,
116,37,61,RODOVIARIA ARAGUARI - MG,Ponto de Controle - 12,04:10,,
116,38,193,POSTO E RESTAURANTE BRASILEIRÃO,Ponto de Controle - 12,,,
116,39,30,RODOVIARIA DE UBERABA - MG,Ponto de Controle - 12,06:55,,
116,40,25,RODOVIARIA RIBEIRAO PRETO - SP,Ponto de Controle - 12,09:40,,
116,41,149,REST. MAURO BAGATINE - LEME,Local Não Autorizado - 42,,,
116,42,223,RODOVIARIA DE ARARAS - SP,Ponto de Controle - 12,12:25,,
116,43,218,RODOVIARIA DE AMERICANA - SP,Ponto de Controle - 12,13:25,,
116,44,20,RODOVIARIA CAMPINAS - SP,Ponto de Controle - 12,14:15,,
116,45,76,RODOVIARIA DE OSASCO-SP,Ponto de Controle - 12,16:00,,
116,46,16,RODOVIÁRIA SAO PAULO - SP,Ponto de Controle - 12,17:10,,
136,1,9,RODOVIARIA RECIFE-PE,Ponto de Controle - 12,21:00,,
136,2,22,POSTO PICHILAU PIONEIRO-AL,Ponto de Controle - 12,,15,
136,3,17,RODOVIARIA DE MACEIO - AL,Ponto de Controle - 12,01:50,,
136,4,18,PROPRIA - SE / ROD. CHURR. GRUPO DOIS IRMAOS,Ponto de Controle - 12,,15,
136,5,19,RODOVIARIA DE ARACAJU - SE,Ponto de Controle - 12,06:45,,
136,6,60,CHURRASCARIA CACHOREIRA GRILL ESTÂNCIA 1 - SE,Ponto de Controle - 12,,15,
136,7,480,SALVADOR - BA / NOVO TERMINAL,Local Não Autorizado - 42,12:20,,
67,1,3,RODOVIARIA DE NATAL - RN,Ponto de Controle - 12,18:20,,Est
67,2,4,CHURRASCARIA CHIMARRAO MATARACA SENTIDO REC,Ponto de Controle - 12,,20,Est
67,3,6,RODOVIARIA JOÃO PESSOA- PB,Ponto de Controle - 12,21:45,,BR
67,4,9,RODOVIARIA RECIFE-PE,Ponto de Controle - 12,23:59,20,Est
67,5,41,GARAGEM DE RECIFE - PE,Ponto de Fechamento - 1,,20,BR
67,6,22,POSTO PICHILAU PIONEIRO-AL,Ponto de Controle - 12,,20,BR
67,7,17,RODOVIARIA DE MACEIO - AL,Ponto de Controle - 12,05:00,20,BR
67,8,18,PROPRIA - SE / ROD. CHURR. GRUPO DOIS IRMAOS,Ponto de Controle - 12,,20,Est
67,9,19,RODOVIARIA DE ARACAJU - SE,Ponto de Controle - 12,10:00,,Est
67,10,60,CHURRASCARIA CACHOREIRA GRILL ESTÂNCIA 1 - SE,Ponto de Controle - 12,,20,Est
67,11,480,SALVADOR - BA / NOVO TERMINAL,Local Não Autorizado - 42,16:00,,
137,1,480,SALVADOR - BA / NOVO TERMINAL,Local Não Autorizado - 42,09:45,,
137,2,60,CHURRASCARIA CACHOREIRA GRILL ESTÂNCIA 1 - SE,Ponto de Controle - 12,,20,Est
137,3,19,RODOVIARIA DE ARACAJU - SE,Ponto de Controle - 12,15:40,,Est
137,4,18,PROPRIA - SE / ROD. CHURR. GRUPO DOIS IRMAOS,Ponto de Controle - 12,,20,
137,5,17,RODOVIARIA DE MACEIO - AL,Ponto de Controle - 12,21:00,15,Est
137,6,22,POSTO PICHILAU PIONEIRO-AL,Ponto de Controle - 12,,20,
137,7,9,RODOVIARIA RECIFE-PE,Ponto de Controle - 12,01:45,15,Est
137,8,41,GARAGEM DE RECIFE - PE,Ponto de Fechamento - 1,,15,
137,9,6,RODOVIARIA JOÃO PESSOA- PB,Ponto de Controle - 12,03:50,,
137,10,3,RODOVIARIA DE NATAL - RN,Ponto de Controle - 12,07:00,,
138,1,38,RODOVIARIA DE BARREIRAS - BA,Ponto de Controle - 12,21:00,,
138,2,68,RODOVIARIA DE LUIS EDUARDO MAGALHAES,Ponto de Controle - 12,22:30,,
138,3,183,GRUPO 2 IRMÃOS DIVISA GO/BA - GUARANI DE GOIAS,Ponto de Controle - 12,,20,BR
138,4,36,RODOVIARIA DE ALVORADA DO NORTE - GO,Ponto de Controle - 12,05:00,,BR
138,5,105,BEZERRA - GO / CH.STILLUS,Ponto de Controle - 12,,15,Mun
138,6,31,RODOVIARIA DE FORMOSA - GO,Ponto de Controle - 12,07:15,,Mun
138,7,101,RODOVIARIA DE PLANALTINA - DF,Ponto de Controle - 12,07:50,,Mun
138,8,102,RODOVIARIA DE SOBRADINHO - DF,Ponto de Controle - 12,08:10,,Mun
138,9,14,RODOVIARIA DE BRASILIA - BSB,Ponto de Controle - 12,08:35,,Mun
138,10,2,GARAGEM MATRIZ BRASILIA - BSB,Ponto de Fechamento - 1,,15,Est
138,11,29,RODOVIARIA DE TAGUATINGA - BSB,Ponto de Controle - 12,09:10,,BR
138,12,24,RODOVIARIA DE GOIANIA - GO,Ponto de Controle - 12,12:00,,
139,1,24,RODOVIARIA DE GOIANIA - GO,Ponto de Controle - 12,17:30,,
139,2,49,EXPRESSO 060 - BSB,Ponto de Controle - 12,,20,
139,3,29,RODOVIARIA DE TAGUATINGA - BSB,Ponto de Controle - 12,20:30,,
139,4,14,RODOVIARIA DE BRASILIA - BSB,Ponto de Controle - 12,21:30,15,
139,5,102,RODOVIARIA DE SOBRADINHO - DF,Ponto de Controle - 12,21:55,,
139,6,101,RODOVIARIA DE PLANALTINA - DF,Ponto de Controle - 12,22:20,,
139,7,31,RODOVIARIA DE FORMOSA - GO,Ponto de Controle - 12,22:45,,
139,8,105,BEZERRA - GO / CH.STILLUS,Ponto de Controle - 12,,15,
139,9,36,RODOVIARIA DE ALVORADA DO NORTE - GO,Ponto de Controle - 12,00:30,,
139,10,68,RODOVIARIA DE LUIS EDUARDO MAGALHAES,Ponto de Controle - 12,04:30,,
139,11,38,RODOVIARIA DE BARREIRAS - BA,Ponto de Controle - 12,06:00,,
140,1,24,RODOVIARIA DE GOIANIA - GO,Ponto de Controle - 12,19:00,,
140,2,49,EXPRESSO 060 - BSB,Ponto de Controle - 12,,20,
140,3,29,RODOVIARIA DE TAGUATINGA - BSB,Ponto de Controle - 12,22:00,,
140,4,14,RODOVIARIA DE BRASILIA - BSB,Ponto de Controle - 12,23:00,15,
140,5,2,GARAGEM MATRIZ BRASILIA - BSB,Ponto de Fechamento - 1,,15,
140,6,102,RODOVIARIA DE SOBRADINHO - DF,Ponto de Controle - 12,23:25,,
140,7,101,RODOVIARIA DE PLANALTINA - DF,Ponto de Controle - 12,23:50,,
140,8,31,RODOVIARIA DE FORMOSA - GO,Ponto de Controle - 12,00:15,,
140,9,105,BEZERRA - GO / CH.STILLUS,Ponto de Controle - 12,,15,
140,10,36,RODOVIARIA DE ALVORADA DO NORTE - GO,Ponto de Controle - 12,03:45,,
140,11,68,RODOVIARIA DE LUIS EDUARDO MAGALHAES,Ponto de Controle - 12,07:45,,
140,12,38,RODOVIARIA DE BARREIRAS - BA,Ponto de Controle - 12,09:15,,
32,1,38,RODOVIARIA DE BARREIRAS - BA,Ponto de Controle - 12,19:00,,BR
32,2,68,RODOVIARIA DE LUIS EDUARDO MAGALHAES,Ponto de Controle - 12,20:30,,BR
32,3,183,GRUPO 2 IRMÃOS DIVISA GO/BA - GUARANI DE GOIAS,Ponto de Controle - 12,,,BR
32,4,36,RODOVIARIA DE ALVORADA DO NORTE - GO,Ponto de Controle - 12,00:30,,BR
32,5,105,BEZERRA - GO / CH.STILLUS,Ponto de Controle - 12,,,BR
32,6,31,RODOVIARIA DE FORMOSA - GO,Ponto de Controle - 12,02:45,,BR
32,7,101,RODOVIARIA DE PLANALTINA - DF,Ponto de Controle - 12,03:20,,BR
32,8,102,RODOVIARIA DE SOBRADINHO - DF,Ponto de Controle - 12,03:40,,BR
32,9,14,RODOVIARIA DE BRASILIA - BSB,Ponto de Controle - 12,04:05,,BR
32,10,2,GARAGEM MATRIZ BRASILIA - BSB,Ponto de Fechamento - 1,,,Est
32,11,29,RODOVIARIA DE TAGUATINGA - BSB,Ponto de Controle - 12,04:40,,BR
32,12,24,RODOVIARIA DE GOIANIA - GO,Ponto de Controle - 12,07:30,,BR
141,1,24,RODOVIARIA DE GOIANIA - GO,Ponto de Controle - 12,17:30,,
141,2,49,EXPRESSO 060 - BSB,Ponto de Controle - 12,,20,
141,3,29,RODOVIARIA DE TAGUATINGA - BSB,Ponto de Controle - 12,20:30,,
141,4,14,RODOVIARIA DE BRASILIA - BSB,Ponto de Controle - 12,21:30,15,
141,5,102,RODOVIARIA DE SOBRADINHO - DF,Ponto de Controle - 12,21:55,,
141,6,101,RODOVIARIA DE PLANALTINA - DF,Ponto de Controle - 12,22:20,,
141,7,105,BEZERRA - GO / CH.STILLUS,Ponto de Controle - 12,,15,
141,8,183,GRUPO 2 IRMÃOS DIVISA GO/BA - GUARANI DE GOIAS,Ponto de Controle - 12,,15,
141,9,36,RODOVIARIA DE ALVORADA DO NORTE - GO,Ponto de Controle - 12,00:30,,
141,10,68,RODOVIARIA DE LUIS EDUARDO MAGALHAES,Ponto de Controle - 12,04:30,,
141,11,38,RODOVIARIA DE BARREIRAS - BA,Ponto de Controle - 12,06:00,,
48,1,480,SALVADOR - BA / TERMINAL RODOVIAL DE AGUAS CLARAS,Local Não Autorizado - 42,21:00,,
48,2,27,RODOVIARIA FEIRA DE SANTANA - BA,Ponto de Controle - 12,23:40,,
48,3,150,REST 2 IRMÃOS MILAGRES BA,Ponto de Controle - 12,,15,
48,4,54,RODOVIARIA JEQUIE - BA,Ponto de Controle - 12,04:25,,
48,5,51,RODOVIARIA VITORIA DA CONQUISTA - BA,Ponto de Controle - 12,07:55,,
48,6,46,RODOVIARIA SALINAS - MG,Ponto de Controle - 12,12:45,,
48,7,45,RODOVIARIA  FRANCISCO SA - MG,Ponto de Controle - 12,15:05,,
48,8,43,RODOVIARIA MONTES CLAROS - MG,Ponto de Controle - 12,16:15,,
48,9,380,VIA MONTES (POSTO MONTES CLAROS),Ponto de Controle - 12,,,
48,10,15,RODOVIARIA PIRAPORA - MG,Ponto de Controle - 12,19:55,,
48,11,35,RODOVIARIA PATOS DE MINAS - MG,Ponto de Controle - 12,00:15,,
48,12,34,CHURRASCARIA GAUCHA LABRESCIA  PATOS DE MINAS - MG,Ponto de Controle - 12,,,
48,13,33,RODOVIARIA PATROCIONIO - MG,Ponto de Controle - 12,02:20,,
48,14,32,RODOVIARIA UBERLANDIA - MG,Ponto de Controle - 12,04:50,,
48,15,26,GRAAL ANTARERS UBERABA - MG,Ponto de Controle - 12,,,
48,16,30,RODOVIARIA DE UBERABA - MG,Ponto de Controle - 12,07:00,,BR
48,17,25,RODOVIARIA RIBEIRAO PRETO - SP,Ponto de Controle - 12,09:25,,BR
48,18,149,REST. MAURO BAGATINE - LEME,Local Não Autorizado - 42,,,
48,19,20,RODOVIARIA CAMPINAS - SP,Ponto de Controle - 12,13:05,,
48,20,16,RODOVIÁRIA SAO PAULO - SP,Ponto de Controle - 12,14:25,,
143,1,17,RODOVIARIA DE MACEIO - AL,Ponto de Controle - 12,08:00,,
143,2,357,RODOVIARIA DE SAO MIGUEL DOS CAMPOS - AL,Ponto de Controle - 12,09:15,,
143,3,146,RODOVIARIA DE ARAPIRACA-AL,Ponto de Controle - 12,10:35,,
143,4,18,PROPRIA - SE / ROD. CHURR. GRUPO DOIS IRMAOS,Ponto de Controle - 12,13:05,20,
143,5,19,RODOVIARIA DE ARACAJU - SE,Ponto de Controle - 12,14:50,,
143,6,60,CHURRASCARIA CACHOREIRA GRILL ESTÂNCIA 1 - SE,Ponto de Controle - 12,,15,
143,7,480,SALVADOR - BA / NOVO TERMINAL,Local Não Autorizado - 42,20:30,15,
143,8,145,GARAGEM SALVADOR BA,Ponto de Fechamento - 1,,15,
143,9,44,POSTO ELITE 2 - AMELIA RODRIGUES BA,Ponto de Controle - 12,,15,
143,10,27,RODOVIARIA FEIRA DE SANTANA - BA,Ponto de Controle - 12,23:20,,
143,11,54,RODOVIARIA JEQUIE - BA,Ponto de Controle - 12,03:45,,
143,12,151,RESTAURANTE 2 IRMAOS JEQUIE BA,Ponto de Controle - 12,,15,
143,13,53,RODOVIARIA POÇOES - BA,Ponto de Controle - 12,05:20,,
143,14,51,RODOVIARIA VITORIA DA CONQUISTA - BA,Ponto de Controle - 12,06:50,20,
143,15,48,RODOVIARIA CANDIDO SALES - BA,Ponto de Controle - 12,08:25,,
143,16,46,RODOVIARIA SALINAS - MG,Ponto de Controle - 12,11:50,20,
143,17,45,RODOVIARIA  FRANCISCO SA - MG,Ponto de Controle - 12,14:10,,
143,18,43,RODOVIARIA MONTES CLAROS - MG,Ponto de Controle - 12,15:15,,
143,19,380,VIA MONTES (POSTO MONTES CLAROS),Ponto de Controle - 12,,20,
143,20,15,RODOVIARIA PIRAPORA - MG,Ponto de Controle - 12,18:55,,
143,21,35,RODOVIARIA PATOS DE MINAS - MG,Ponto de Controle - 12,22:25,,
143,22,34,CHURRASCARIA GAUCHA LABRESCIA  PATOS DE MINAS - MG,Ponto de Controle - 12,,20,
143,23,33,RODOVIARIA PATROCIONIO - MG,Ponto de Controle - 12,00:45,,
143,24,32,RODOVIARIA UBERLANDIA - MG,Ponto de Controle - 12,02:55,,
143,25,30,RODOVIARIA DE UBERABA - MG,Ponto de Controle - 12,04:35,,
143,26,26,GRAAL ANTARERS UBERABA - MG,Ponto de Controle - 12,,,
143,27,389,ORLANDIA - SP / Kambui Restaurante,Ponto de Controle - 12,,15,
143,28,25,RODOVIARIA RIBEIRAO PRETO - SP,Ponto de Controle - 12,07:05,,Mun
143,29,223,RODOVIARIA DE ARARAS - SP,Ponto de Controle - 12,09:40,,Mun
143,30,218,RODOVIARIA DE AMERICANA - SP,Ponto de Controle - 12,10:40,,Mun
143,31,20,RODOVIARIA CAMPINAS - SP,Ponto de Controle - 12,11:30,,Mun
143,32,76,RODOVIARIA DE OSASCO-SP,Ponto de Controle - 12,13:10,,Mun
143,33,16,RODOVIÁRIA SAO PAULO - SP,Ponto de Controle - 12,13:50,,
144,1,3,RODOVIARIA DE NATAL - RN,Ponto de Controle - 12,,,
144,2,4,CHURRASCARIA CHIMARRAO MATARACA SENTIDO REC,Ponto de Controle - 12,,20,
144,3,6,RODOVIARIA JOÃO PESSOA- PB,Ponto de Controle - 12,,,
144,4,9,RODOVIARIA RECIFE-PE,Ponto de Controle - 12,,,
144,5,41,GARAGEM DE RECIFE - PE,Ponto de Fechamento - 1,,15,
144,6,173,RODOVIARIA DE CARUARU-PE,Ponto de Controle - 12,,,
144,7,22,POSTO PICHILAU PIONEIRO-AL,Ponto de Controle - 12,,15,
144,8,17,RODOVIARIA DE MACEIO - AL,Ponto de Controle - 12,,,
144,9,357,RODOVIARIA DE SAO MIGUEL DOS CAMPOS - AL,Ponto de Controle - 12,,,
144,10,146,RODOVIARIA DE ARAPIRACA-AL,Ponto de Controle - 12,,,
144,11,18,PROPRIA - SE / ROD. CHURR. GRUPO DOIS IRMAOS,Ponto de Controle - 12,,,
144,12,19,RODOVIARIA DE ARACAJU - SE,Ponto de Controle - 12,,,
144,13,60,CHURRASCARIA CACHOREIRA GRILL ESTÂNCIA 1 - SE,Ponto de Controle - 12,,15,
144,14,480,SALVADOR - BA / NOVO TERMINAL,Local Não Autorizado - 42,,,
144,15,145,GARAGEM SALVADOR BA,Ponto de Fechamento - 1,,15,
144,16,386,AMELIA RODRIGUES - BA - POSTO SÃO GONÇALO4,Ponto de Controle - 12,,15,
144,17,27,RODOVIARIA FEIRA DE SANTANA - BA,Ponto de Controle - 12,,,
144,18,7,RODOVIARIA  ITABERABA - BA,Ponto de Controle - 12,,,
144,19,142,REST E POUSADA SEABRA,Ponto de Controle - 12,,15,
144,20,199,POSTO DDD 242,Ponto de Controle - 12,,15,
144,21,57,RODOVIARIA  SEABRA - BA,Ponto de Controle - 12,,,
144,22,58,RODOVIARIA IBOTIRAMA -BA,Ponto de Controle - 12,,,
144,23,143,CHURRASCARIA 2 IRMAOS IBOTIRAMA BA,Ponto de Controle - 12,,15,
144,24,38,RODOVIARIA DE BARREIRAS - BA,Ponto de Controle - 12,,,
144,25,116,GARAGEM BARREIRAS BA,Ponto de Fechamento - 1,,15,
144,26,68,RODOVIARIA DE LUIS EDUARDO MAGALHAES,Ponto de Controle - 12,,,
144,27,183,GRUPO 2 IRMÃOS DIVISA GO/BA - GUARANI DE GOIAS,Ponto de Controle - 12,,20,
144,28,36,RODOVIARIA DE ALVORADA DO NORTE - GO,Ponto de Controle - 12,,,
144,29,31,RODOVIARIA DE FORMOSA - GO,Ponto de Controle - 12,,,Mun
144,30,101,RODOVIARIA DE PLANALTINA - DF,Ponto de Controle - 12,,,Mun
144,31,102,RODOVIARIA DE SOBRADINHO - DF,Ponto de Controle - 12,,,Mun
144,32,14,RODOVIARIA DE BRASILIA - BSB,Ponto de Controle - 12,,,Mun
144,33,2,GARAGEM MATRIZ BRASILIA - BSB,Ponto de Fechamento - 1,,15,Mun
144,34,29,RODOVIARIA DE TAGUATINGA - BSB,Ponto de Controle - 12,,,
144,35,49,EXPRESSO 060 - BSB,Ponto de Controle - 12,,20,
144,36,28,RODOVIARIA DE ANAPOLIS - GO,Ponto de Controle - 12,,,
144,37,24,RODOVIARIA DE GOIANIA - GO,Ponto de Controle - 12,,,
145,1,16,RODOVIÁRIA SAO PAULO - SP,Ponto de Controle - 12,,,
145,2,76,RODOVIARIA DE OSASCO-SP,Ponto de Controle - 12,,,
145,3,20,RODOVIARIA CAMPINAS - SP,Ponto de Controle - 12,,,
145,4,218,RODOVIARIA DE AMERICANA - SP,Ponto de Controle - 12,,,
145,5,223,RODOVIARIA DE ARARAS - SP,Ponto de Controle - 12,,,
145,6,25,RODOVIARIA RIBEIRAO PRETO - SP,Ponto de Controle - 12,,,
145,7,30,RODOVIARIA DE UBERABA - MG,Ponto de Controle - 12,,,
145,8,32,RODOVIARIA UBERLANDIA - MG,Ponto de Controle - 12,,,
145,9,33,RODOVIARIA PATROCIONIO - MG,Ponto de Controle - 12,,,
145,10,35,RODOVIARIA PATOS DE MINAS - MG,Ponto de Controle - 12,,,
145,11,15,RODOVIARIA PIRAPORA - MG,Ponto de Controle - 12,,,
145,12,43,RODOVIARIA MONTES CLAROS - MG,Ponto de Controle - 12,,,
145,13,45,RODOVIARIA  FRANCISCO SA - MG,Ponto de Controle - 12,,,
145,14,46,RODOVIARIA SALINAS - MG,Ponto de Controle - 12,,,
145,15,48,RODOVIARIA CANDIDO SALES - BA,Ponto de Controle - 12,,,
145,16,51,RODOVIARIA VITORIA DA CONQUISTA - BA,Ponto de Controle - 12,,,
145,17,53,RODOVIARIA POÇOES - BA,Ponto de Controle - 12,,,
145,18,54,RODOVIARIA JEQUIE - BA,Ponto de Controle - 12,,,
145,19,27,RODOVIARIA FEIRA DE SANTANA - BA,Ponto de Controle - 12,,,
145,20,480,SALVADOR - BA / NOVO TERMINAL,Ponto de Controle - 12,,,
145,21,19,RODOVIARIA DE ARACAJU - SE,Ponto de Controle - 12,,,
145,22,18,PROPRIA - SE / ROD. CHURR. GRUPO DOIS IRMAOS,Ponto de Controle - 12,,,
145,23,146,RODOVIARIA DE ARAPIRACA-AL,Ponto de Controle - 12,,,
145,24,357,RODOVIARIA DE SAO MIGUEL DOS CAMPOS - AL,Ponto de Controle - 12,,,
145,25,17,RODOVIARIA DE MACEIO - AL,Ponto de Controle - 12,,,
123,1,16,RODOVIÁRIA SAO PAULO - SP,Ponto de Controle - 12,22:00,,
123,2,175,GRAAL ESTIVA  - ESTIVA MG,Ponto de Controle - 12,,15,
123,3,83,RODOVIARIA DE BELO HORIZONTE - MG,Ponto de Controle - 12,07:00,,
124,1,83,RODOVIARIA DE BELO HORIZONTE - MG,Ponto de Controle - 12,22:00,,
124,2,175,GRAAL ESTIVA  - ESTIVA MG,Ponto de Controle - 12,,15,
124,3,16,RODOVIÁRIA SAO PAULO - SP,Ponto de Controle - 12,07:00,,
146,1,16,RODOVIÁRIA SAO PAULO - SP,Ponto de Controle - 12,20:00,,
146,2,175,GRAAL ESTIVA  - ESTIVA MG,Ponto de Controle - 12,,,
146,3,83,RODOVIARIA DE BELO HORIZONTE - MG,Ponto de Controle - 12,05:00,,
147,1,83,RODOVIARIA DE BELO HORIZONTE - MG,Ponto de Controle - 12,20:00,,
147,2,175,GRAAL ESTIVA  - ESTIVA MG,Ponto de Controle - 12,,15,
147,3,16,RODOVIÁRIA SAO PAULO - SP,Ponto de Controle - 12,05:00,,
148,1,83,RODOVIARIA DE BELO HORIZONTE - MG,Ponto de Controle - 12,19:30,,
148,2,120,RESTAURANTE OASIS CAETANOPOLIS MG,Ponto de Controle - 12,,15,
148,3,123,LUIZILANDIA - MG / RESTAURANTE E HOTEL 040,Ponto de Controle - 12,,15,
148,4,63,CHURRASCARIA GARROTE CRISTALINA,Ponto de Controle - 12,,15,
148,5,14,RODOVIARIA DE BRASILIA - BSB,Ponto de Controle - 12,07:30,15,
148,6,29,RODOVIARIA DE TAGUATINGA - BSB,Ponto de Controle - 12,08:10,,
149,1,29,RODOVIARIA DE TAGUATINGA - BSB,Ponto de Controle - 12,18:30,,
149,2,14,RODOVIARIA DE BRASILIA - BSB,Ponto de Controle - 12,19:30,15,
149,3,63,CHURRASCARIA GARROTE CRISTALINA,Ponto de Controle - 12,,15,
149,4,123,LUIZILANDIA - MG / RESTAURANTE E HOTEL 040,Ponto de Controle - 12,,15,
149,5,120,RESTAURANTE OASIS CAETANOPOLIS MG,Ponto de Controle - 12,,15,
149,6,83,RODOVIARIA DE BELO HORIZONTE - MG,Ponto de Controle - 12,06:30,,