Código,Cód. Emb.,Desc. Resumida,Descrição,Unidade Empresarial,Tipo,Ajuste Horário,Raio,Raio Advert.,Vel.,Grupo PC.,Dist. uso vel.,Código externo,Ativo,Pedágio,Rodoviária,Suspensão,Garagem,Online,Auxlilar,Seletivo,Ponto Vel.,Area Vel.,Direções,Latitude,Longitude,Chave,Data Cadastro,Data Alteração
50,49, BEIRA RIO,ALVORADA DO NORTE - GO /CHURRACARIA BEIRA RIO,Kandango Parceiras,Ponto de Controle - 12,0,25,25,10,Não Informado,0.0,-,F,F,N,F,N,T,T,F,F,F,,-14.490464,-46.502394,0,2023-09-20 16:06:10,2025-09-29 17:19:59
165,165,2 IRM CAP,CHURRASCARIA 2 IRMAOS - CAPIM GROSSO - BA,Kandango Parceiras,Ponto de Controle - 12,0,45,45,0,Não Informado,0.0,-,F,F,N,F,N,T,T,F,F,F,,-11.383180,-40.002807,1,2024-10-24 09:31:53,2025-09-17 11:47:49
151,151,2 IRM JQE,RESTAURANTE 2 IRMAOS JEQUIE BA,Kandango Parceiras,Ponto de Controle - 12,0,50,50,0,Não Informado,0.0,-,F,F,N,F,N,T,T,F,F,F,,-13.860564,-40.114129,1,2024-10-17 17:35:30,2025-09-17 11:47:19
163,163,2 IRM JUAZ,CHURRASCARIA 2 IRMÃOS - JUAZEIRO BA,Kandango Parceiras,Ponto de Controle - 12,0,100,100,0,Não Informado,0.0,-,F,F,N,F,N,T,T,F,F,F,,-9.482590,-40.473457,1,2024-10-24 09:19:17,2025-09-17 11:47:33
150,150,2 IRM MLGS,REST 2 IRMÃOS MILAGRES BA,Kandango Parceiras,Ponto de Controle - 12,0,50,50,0,Não Informado,0.0,-,F,F,N,F,N,T,T,F,F,F,,-12.877102,-39.858188,1,2024-10-17 17:22:26,2025-09-17 11:48:19
159,159,2 IRM SALG,CHURRASCARIA ITAMARATY - 2 IRMAOS - SALGUEIRO PE,Kandango Parceiras,Ponto de Controle - 12,0,100,100,0,Não Informado,0.0,-,F,F,N,F,N,T,T,F,F,F,,-8.067108,-39.136022,1,2024-10-22 14:21:29,2025-09-17 11:48:39
207,204,ABADIANIA,RODOVIARIA DE ABADIANIA - GO,Kandango Parceiras,Ponto de Controle - 12,0,20,20,10,Não Informado,0.0,-,F,F,S,F,N,T,F,F,F,F,,-16.194976,-48.708946,0,2025-08-11 11:33:40,2025-09-17 16:05:46
208,205,ABREU E LI,RODOVIARIA DE ABREU E LIMA,Kandango Parceiras,Ponto de Controle - 12,0,50,50,10,Não Informado,0.0,-,F,F,S,F,N,T,F,F,F,F,,-7.921368,-34.895272,0,2025-08-11 11:40:35,2025-09-17 16:07:39
209,206,ACARI - RN,RODOVIARIA DE ACARI - RN,Kandango Parceiras,Ponto de Controle - 12,0,20,20,10,Não Informado,0.0,-,F,F,S,F,N,T,F,F,F,F,,-6.431966,-36.641037,0,2025-08-11 11:44:49,2025-09-17 16:10:27
388,371,AGENCIA ,RODOVIARIA - APODI - RN,Kandango Parceiras,Ponto Auxiliar - 2,0,12,12,10,Não Informado,0.0,-,F,F,N,F,N,T,T,F,F,F,,-5.663956,-37.798842,0,2025-08-25 09:10:25,2025-10-21 16:34:26
210,207,AGRESTINA ,RODOVIARIA DE AGRESTINA - PE,Kandango Parceiras,Ponto de Controle - 12,0,12,12,10,Não Informado,0.0,-,F,F,S,F,N,T,F,F,F,F,,-8.455531,-35.944957,0,2025-08-11 11:47:01,2025-09-17 16:11:54
211,208,AGUA BRANC,RODOVIARIA DE AGUA BRANCA,Kandango Parceiras,Ponto de Controle - 12,0,50,50,0,Não Informado,0.0,-,F,F,S,F,N,T,F,F,F,F,,-5.881472,-42.639770,0,2025-08-11 11:52:09,2025-09-17 16:13:38
212,209,AGUAS LIND,RODOVIARIA DE AGUAS LINDAS DE GOIAS,Kandango Parceiras,Ponto de Controle - 12,0,45,45,10,Não Informado,0.0,-,F,F,S,F,N,T,F,F,F,F,,-15.714656,-48.288516,0,2025-08-11 11:56:00,2025-09-17 16:15:37
213,210,ALAGOINHAS,RODOVIARIA DE ALAGOINHAS - BA,Kandango Parceiras,Ponto de Controle - 12,0,130,130,10,Não Informado,0.0,-,F,F,S,F,N,T,F,F,F,F,,-12.150509,-38.400408,0,2025-08-11 11:59:24,2025-09-17 16:17:35
191,188,ALBERTA,REST. ALBERTAO - GUIMARANIA - MG,Kandango Parceiras,Local Não Autorizado - 42,2,100,100,5,Não Informado,0.0,-,F,F,N,F,N,T,F,F,F,F,,-18.797800,-46.746123,1,2025-06-17 12:06:27,2026-03-19 13:59:10
214,211,ALEM PARAI,RODOVIARIA DE ALEM PARAIBA - MG,Kandango Parceiras,Ponto de Controle - 12,0,50,50,10,Não Informado,0.0,-,F,F,S,F,N,T,F,F,F,F,,-21.881718,-42.693793,0,2025-08-11 13:01:19,2025-09-17 16:19:25
215,212,ALEXANIA,RODOVIARIA DE ALEXANIA - GO,Kandango Parceiras,Ponto de Controle - 12,0,25,50,10,Não Informado,0.0,-,F,F,S,F,N,T,F,F,F,F,,-16.088433,-48.501017,0,2025-08-11 13:02:47,2025-09-17 16:21:55
216,213,ALTOS - PI,RODOVIARIA DE ALTOS - PI,Kandango Parceiras,Ponto de Controle - 12,0,60,60,10,Não Informado,0.0,-,F,F,S,F,N,T,F,F,F,F,,-5.034075,-42.442119,0,2025-08-11 13:04:46,2025-09-17 16:23:30
465,432,AlvoradaTO,Estação Rodoviária de Alvorada / Alvorada - TO,Kandango Parceiras,Ponto de Controle - 12,0,50,50,20,Não Informado,0.0,-,F,F,S,F,N,T,T,F,F,F,,-12.484208,-49.118336,1,2025-10-31 10:47:13,2025-10-31 10:47:13
217,214,AMARANTE,RODOVIARIA DE AMARANTE - PI,Kandango Parceiras,Ponto de Controle - 12,0,30,40,10,Não Informado,0.0,-,F,F,S,F,N,T,F,F,F,F,,-6.246846,-42.841085,0,2025-08-11 13:07:06,2025-09-17 16:25:46
218,215,AMERICANA,RODOVIARIA DE AMERICANA - SP,Kandango Parceiras,Ponto de Controle - 12,0,100,100,10,Não Informado,0.0,-,F,F,S,F,N,T,F,F,F,F,,-22.734253,-47.310984,0,2025-08-11 13:10:14,2025-09-17 16:26:43
220,217,APA - GO,RODOVIARIA DE APARECIDA DE GOIANIA - GO,Kandango Parceiras,Ponto de Controle - 12,0,50,50,10,Não Informado,0.0,-,F,F,S,F,N,T,F,F,F,F,,-16.833939,-49.246396,0,2025-08-11 13:13:55,2025-09-17 16:30:54
19,18,ARACAJU,RODOVIARIA DE ARACAJU - SE,Kandango Parceiras,Ponto de Controle - 12,0,100,100,10,Não Informado,0.0,-,F,F,S,F,N,T,F,F,F,F,,-10.917032,-37.088186,0,2023-09-20 14:22:14,2025-09-17 16:36:22
11,10,ARACATI,RODOVIARIA DE ARACATI - CE ,Kandango Parceiras,Ponto de Controle - 12,0,50,50,10,Não Informado,0.0,-,F,F,S,F,N,T,F,F,F,F,,-4.571442,-37.774531,0,2023-09-20 12:37:38,2025-09-18 08:57:08
221,218,ARACI - BA,RODOVIARIA DE ARACI - BA,Kandango Parceiras,Ponto de Controle - 12,0,25,25,10,Não Informado,0.0,-,F,F,S,F,N,T,F,F,F,F,,-11.341800,-38.960984,0,2025-08-11 13:16:09,2025-09-17 16:37:24
61,61,ARAGUARI,RODOVIARIA ARAGUARI - MG,Kandango Parceiras,Ponto de Controle - 12,0,50,50,20,Não Informado,0.0,-,F,F,S,F,N,T,F,F,F,F,,-18.639540,-48.174921,0,2023-11-09 14:03:17,2025-09-18 09:00:37
222,219,ARAPORÃ,RODOVIARIA DE ARAPORA - MG,Kandango Parceiras,Ponto de Controle - 12,0,50,50,10,Não Informado,0.0,-,F,F,S,F,N,T,F,F,F,F,,-18.429790,-49.191688,0,2025-08-11 13:18:00,2025-09-17 16:38:48
223,220,ARARAS SP,RODOVIARIA DE ARARAS - SP,Kandango Parceiras,Ponto de Controle - 12,0,50,50,10,Não Informado,0.0,-,F,F,S,F,N,T,F,F,F,F,,-22.359630,-47.391630,0,2025-08-11 13:19:21,2025-09-17 16:39:21
224,221,ARARIPINA ,RODOVIARIA DE ARARIPINA - PE,Kandango Parceiras,Ponto de Controle - 12,0,50,50,10,Não Informado,0.0,-,F,F,S,F,N,T,F,F,F,F,,-7.575180,-40.510572,0,2025-08-11 13:21:18,2025-09-17 16:40:01
225,222,ARUJA - SP,RODOVIARIA DE ARUJA - SP,Kandango Parceiras,Ponto de Controle - 12,0,50,50,10,Não Informado,0.0,-,F,F,S,F,N,T,F,F,F,F,,-23.394452,-46.324102,0,2025-08-11 13:23:01,2025-09-17 16:41:21
442,417,ATBOAVISTA,POSTO ALTO DA BOA VISTA / SANTA CRUZ DE GOIAS - GO,Kandango Parceiras,Local Não Autorizado - 42,0,50,50,0,Não Informado,0.0,-,F,F,N,F,N,T,F,F,F,F,,-17.469884,-48.757826,0,2025-10-06 14:14:23,2025-11-21 11:16:28
429,404,AUX TANQUE,POSTO AUXILIAR BARREIRAS - BA,Kandango Parceiras,Ponto Auxiliar - 2,0,40,50,0,Não Informado,0.0,-,F,F,N,F,N,T,T,F,F,F,,-12.129371,-45.019177,0,2025-09-18 10:05:56,2025-09-18 10:05:56
149,149,BAGATINI,REST. MAURO BAGATINE - LEME,Kandango Parceiras,Local Não Autorizado - 42,0,100,130,0,Não Informado,0.0,-,F,F,N,F,N,T,T,F,F,F,,-22.217400,-47.391568,1,2024-10-17 11:52:46,2026-03-24 13:29:19
226,223,BARBALHA,RODOVIARIA DE BARBALHA - CE,Kandango Parceiras,Ponto de Controle - 12,0,25,25,10,Não Informado,0.0,-,F,F,S,F,N,T,F,F,F,F,,-7.309754,-39.301841,0,2025-08-11 13:27:52,2025-09-17 16:42:21
227,224,BARRAMANSA,RODOVIARIA DE BARRA MANSA - RJ,Kandango Parceiras,Ponto de Controle - 12,0,50,50,10,Não Informado,0.0,-,F,F,S,F,N,T,F,F,F,F,,-22.545987,-44.168736,0,2025-08-11 13:29:40,2025-08-11 13:29:40
38,37,BES,RODOVIARIA DE BARREIRAS - BA,Kandango Parceiras,Ponto de Controle - 12,0,150,150,0,Não Informado,0.0,-,F,F,S,F,N,T,F,F,F,F,,-12.126181,-45.017921,0,2023-09-20 15:20:59,2025-09-18 09:40:35
229,226,BETIM-MG,RODOVIARIA DE BETIM - MG,Kandango Parceiras,Ponto de Controle - 12,0,80,100,10,Não Informado,0.0,-,F,F,S,F,N,T,F,F,F,F,,-19.963230,-44.162484,0,2025-08-11 13:35:52,2025-09-17 16:47:14
230,227,BEZERROS,RODOVIARIA DE BEZERROS - PE,Kandango Parceiras,Ponto de Controle - 12,0,60,60,10,Não Informado,0.0,-,F,F,S,F,N,T,F,F,F,F,,-8.237479,-35.744633,0,2025-08-11 13:41:12,2025-09-17 16:48:45
233,230,BGP,RODOVIARIA DE BRAGANCA PAULISTA - SP,Kandango Parceiras,Ponto de Controle - 12,0,75,75,10,Não Informado,0.0,-,F,F,S,F,N,T,F,F,F,F,,-22.940596,-46.538983,0,2025-08-11 13:48:30,2025-09-17 16:49:42
234,231,BIL,RODOVIARIA DE BURITI DOS LOPES - PI,Kandango Parceiras,Ponto de Controle - 12,0,50,50,10,Não Informado,0.0,-,F,F,S,F,N,T,F,F,F,F,,-3.173466,-41.868377,0,2025-08-11 13:52:17,2025-09-17 16:51:37
475,442,BO ,Americana - SP / Churrascaria BO,Kandango Parceiras,Local Não Autorizado - 42,0,50,50,0,Não Informado,0.0,-,F,F,N,F,N,T,F,F,F,F,,-22.719065,-47.294267,0,2026-03-19 11:51:03,2026-03-19 11:51:03
401,384,BOIBÃO,BREJOES - BA - CHURR. BOIBÃO,Kandango Parceiras,Local Não Autorizado - 42,0,80,80,10,Não Informado,0.0,-,F,F,N,F,N,T,F,F,F,F,,-12.983518,-39.941257,0,2025-08-29 16:49:09,2025-11-14 13:41:19
231,228,BOMJESUS,RODOVIARIA DE BOM JESUS - PI,Kandango Parceiras,Ponto de Controle - 12,0,50,50,10,Não Informado,0.0,-,F,F,S,F,N,T,F,F,F,F,,-9.079261,-44.360309,0,2025-08-11 13:42:46,2025-09-17 16:58:10
479,445,BR-050,CRISTIANOPOLIS - GO / LOCAL DESCONHECIDO,Kandango Parceiras,Local Não Autorizado - 42,0,50,50,0,Não Informado,0.0,-,F,F,N,F,N,T,F,F,F,F,,-16.730653,-47.625025,0,2026-04-07 14:14:52,2026-04-07 14:14:52
421,396,Brasa Qt,VITORIA DA CONQUISTA - BA  - REST. BRASA QUENTE,Kandango Parceiras,Local Não Autorizado - 42,0,45,45,0,Não Informado,0.0,-,F,F,N,F,N,T,F,F,F,F,,-11.516005,-37.512031,0,2025-09-16 15:51:03,2025-09-17 15:46:04
459,426,BRASA QUEN,INDIAROBA - SE / CHURR. BRASA QUENTE ,Kandango Parceiras,Local Não Autorizado - 42,0,50,50,30,Não Informado,0.0,-,F,F,N,F,N,T,F,F,F,F,,-11.516205,-37.511140,0,2025-10-09 11:01:26,2025-12-01 16:09:08
193,190,BRASILEIR,POSTO E RESTAURANTE BRASILEIRÃO,Kandango Parceiras,Ponto de Controle - 12,0,150,150,10,Não Informado,0.0,-,F,F,N,F,N,T,T,F,F,F,,-18.661831,-48.161401,0,2025-08-06 13:27:26,2025-09-18 08:18:12
158,158,BRE.STO,RODOVIARIA DE BREJO SANTO - CE,Kandango Parceiras,Ponto de Controle - 12,0,50,50,0,Não Informado,0.0,-,F,F,S,F,N,T,F,F,F,F,,-7.479387,-38.980832,1,2024-10-22 14:11:31,2025-09-17 10:05:51
14,13,BSB,RODOVIARIA DE BRASILIA - BSB,Kandango Parceiras,Ponto de Controle - 12,0,100,100,10,Não Informado,0.0,-,F,F,S,F,N,T,F,F,F,F,,-15.830449,-47.949158,0,2023-09-20 14:07:36,2025-09-23 14:08:36
155,155,CAJAZEIRAS,RODOVIARIA DE CAJAZEIRAS-PB,Kandango Parceiras,Ponto de Controle - 12,0,75,75,0,Não Informado,0.0,-,F,F,S,F,N,T,T,F,F,F,,-6.887235,-38.553877,1,2024-10-22 11:55:20,2025-09-17 10:13:23
469,436,CAJUEI,ALHANDRA - PB / Coxinhas Matuta & Churr. Do Cajuei,Kandango Parceiras,Local Não Autorizado - 42,0,20,20,0,Não Informado,0.0,-,F,F,N,F,N,T,F,F,F,F,,-7.325464,-34.946723,0,2025-11-19 16:50:36,2025-11-19 16:50:36
169,169,CALDAS NOV,RODOVIARIA DE CALDAS NOVAS - GO,Kandango Parceiras,Ponto de Controle - 12,0,65,65,0,Não Informado,0.0,-,F,F,S,F,N,T,T,F,F,F,,-17.756566,-48.630475,1,2024-10-24 10:37:26,2025-09-17 10:15:38
395,378,CAMILA,OLIVEIRA DOS BREJINHOS - BA - REST. CAMILA ,Kandango Parceiras,Local Não Autorizado - 42,0,66,45,10,Não Informado,0.0,-,F,F,N,F,N,T,F,F,F,F,,-12.312515,-42.599081,0,2025-08-26 11:09:06,2025-09-18 09:12:08
20,19,CAMPINAS,RODOVIARIA CAMPINAS - SP ,Kandango Parceiras,Ponto de Controle - 12,0,100,150,10,Não Informado,0.0,-,F,F,S,F,N,T,F,F,F,F,,-22.906056,-47.072563,0,2023-09-20 14:25:14,2025-09-17 10:18:35
242,239,CAR,RODOVIARIA DE CAMACARI - BA,Kandango Parceiras,Ponto de Controle - 12,0,40,50,10,Não Informado,0.0,-,F,F,S,F,N,T,F,F,F,F,,-12.701791,-38.319168,0,2025-08-11 14:05:53,2025-09-17 17:00:36
474,441,CARNE ASSA,SAO FRANCISCO - BA / CHURRASCARIA CARNE ASSADA ,Kandango Parceiras,Local Não Autorizado - 42,0,50,50,0,Não Informado,0.0,-,F,F,N,F,N,T,F,F,F,F,,-12.199964,-43.673732,0,2026-02-27 11:22:06,2026-02-27 11:22:06
173,173,CARUARU,RODOVIARIA DE CARUARU-PE,Kandango Parceiras,Ponto de Controle - 12,0,80,80,0,Não Informado,0.0,-,F,F,S,F,N,T,F,F,F,F,,-8.294227,-35.988368,1,2024-10-24 15:05:09,2025-09-17 17:02:13
62,62,CATALÃO,POSTO JK - CATALÃO - GO,Kandango Parceiras,Ponto de Controle - 12,0,80,80,20,Não Informado,0.0,-,F,F,N,F,N,T,T,F,F,F,,-18.180986,-47.942106,0,2023-11-09 14:10:10,2025-09-17 12:02:21
235,232,CBO,RODOVIARIA DE CABO DE SANTO AGOSTINHO - PE,Kandango Parceiras,Ponto de Controle - 12,0,75,75,10,Não Informado,0.0,-,F,F,S,F,N,T,F,F,F,F,,-8.285122,-35.032494,0,2025-08-11 13:54:45,2025-09-17 17:06:12
60,59,CCG EST,CHURRASCARIA CACHOREIRA GRILL ESTÂNCIA 1 - SE,Kandango Parceiras,Ponto de Controle - 12,0,60,60,0,Não Informado,0.0,-,F,F,N,F,N,T,T,F,F,F,,-11.284441,-37.450410,0,2023-10-31 14:05:05,2025-09-18 08:13:16
64,64,CCLAJES,CHURRASCARIA CHIMARRÃO LAJES,Kandango Parceiras,Ponto de Controle - 12,0,100,200,20,Não Informado,0.0,-,F,F,N,F,N,T,T,F,F,F,,-5.705384,-36.225834,0,2024-02-01 23:17:37,2025-09-18 09:04:22
59,58,CCMTRAFOR,CHURRASCARIA CHIMARRAO MATARACA SENTIDO FOR,Kandango Parceiras,Ponto de Controle - 12,0,30,50,10,Não Informado,0.0,-,F,F,N,F,N,T,T,F,F,F,,-6.628234,-35.125996,0,2023-09-28 22:09:23,2025-09-18 09:07:47
4,3,CCMTRAREC,CHURRASCARIA CHIMARRAO MATARACA SENTIDO REC,Kandango Parceiras,Ponto de Controle - 12,0,90,90,10,Não Informado,0.0,-,F,F,N,F,N,T,T,F,F,F,,-6.559671,-35.137179,0,2023-09-20 12:08:06,2025-09-18 09:09:12
48,47,CDS ,RODOVIARIA CANDIDO SALES - BA ,Kandango Parceiras,Ponto de Controle - 12,0,60,25,10,Não Informado,0.0,-,F,F,S,F,N,T,T,F,F,F,,-15.501969,-41.235999,0,2023-09-20 15:55:08,2025-09-17 13:11:38
243,240,CDU,RODOVIARIA DE CAMANDUCAIA - MG,Kandango Parceiras,Ponto de Controle - 12,0,35,50,10,Não Informado,0.0,-,F,F,S,F,N,T,F,F,F,F,,-22.739525,-46.132021,0,2025-08-11 14:07:14,2025-09-17 17:07:32
37,36,CERRADAO,"POSTO CERRADAO, MONTES CLAROS - MG ",Kandango Parceiras,Ponto de Controle - 12,0,50,60,10,Não Informado,0.0,-,F,F,N,F,N,T,T,F,F,F,,-16.769036,-43.871680,0,2023-09-20 15:20:19,2025-10-31 16:50:52
240,237,CFM,RODOVIARIA DE CAFARNAUM - BA,Kandango Parceiras,Ponto de Controle - 12,0,23,23,10,Não Informado,0.0,-,F,F,S,F,N,T,F,F,F,F,,-11.691655,-41.469498,0,2025-08-11 14:03:12,2025-09-17 17:11:18
245,242,CFS,RODOVIARIA DE CAMPO FORMOSO - BA,Kandango Parceiras,Ponto de Controle - 12,0,23,23,10,Não Informado,0.0,-,F,F,S,F,N,T,F,F,F,F,,-10.509751,-40.327444,0,2025-08-11 14:09:53,2025-09-17 17:13:27
250,245,CGA,RODOVIARIA DE CARATINGA - MG,Kandango Parceiras,Ponto de Controle - 12,0,50,50,10,Não Informado,0.0,-,F,F,S,F,N,T,F,F,F,F,,-19.796807,-42.138740,0,2025-08-11 14:18:39,2025-09-17 17:17:10
100,100,CH. P. SUL,RODA VELHA - BA / CHURRASCARIA POTENCIAL SUL,Kandango Parceiras,Ponto de Controle - 12,0,100,100,5,Não Informado,0.0,-,F,F,N,F,N,T,T,F,F,F,,-12.755135,-45.943028,1,2024-10-14 16:34:14,2025-09-29 08:14:36
105,105,CH.STILLUS,BEZERRA - GO / CH.STILLUS,Kandango Parceiras,Ponto de Controle - 12,0,50,70,5,Não Informado,0.0,-,F,F,N,F,N,T,T,F,F,F,,-15.482476,-47.101250,1,2024-10-15 09:37:27,2025-10-31 17:06:14
125,125,CHICAO,RESTAURANTE CHICAO CRISTINO CASTRO,Kandango Parceiras,Ponto de Controle - 12,0,30,30,0,Não Informado,0.0,-,F,F,N,F,N,T,T,F,F,F,,-8.807234,-44.216248,1,2024-10-15 14:11:50,2025-09-18 09:10:53
467,434,CHIMA JOAO,POSTO CHIMARRAO - JOAO PESSOA,Kandango Parceiras,Ponto de Controle - 12,0,50,80,10,Não Informado,0.0,-,F,F,N,F,N,T,T,F,F,F,,-7.173450,-34.897803,1,2025-11-03 16:42:34,2025-11-03 16:42:34
197,194,CHIMA.BAYE,CHURRASCARIA CHIMARRÃO BAYEUX,Kandango Parceiras,Ponto de Controle - 12,0,90,90,10,Não Informado,0.0,-,F,F,N,F,N,T,T,F,F,F,,-7.133737,-34.930732,0,2025-08-06 14:03:53,2025-09-18 09:12:17
194,191,CHIMA.MOSS,CHURRASCARIA CHIMARRÃO - MOSSORÓ 2,Kandango Parceiras,Ponto de Controle - 12,0,50,50,10,Não Informado,0.0,-,F,F,N,F,N,T,T,F,F,F,,-5.224987,-37.342979,0,2025-08-06 13:34:08,2025-09-18 09:13:33
398,381,CHIMARRÃO ,MORRO DO CHAPÉU - BA - CHURR. CHIMARRÃO 24,Kandango Parceiras,Local Não Autorizado - 42,0,50,50,10,Não Informado,0.0,-,F,F,N,F,N,T,F,F,F,F,,-8.395987,-35.261256,0,2025-08-27 11:28:51,2025-09-17 15:49:51
441,416,CHIMARRÃO2,CHURRASCARIA CHIMARRÃO - MAMANGUAPE - PB,Kandango Parceiras,Ponto de Controle - 12,0,50,50,0,Não Informado,0.0,-,F,F,N,F,N,T,T,F,F,F,,-6.627877,-35.126048,0,2025-10-06 13:40:21,2025-10-06 13:40:21
239,236,CHM,RODOVIARIA DE CACHOEIRAS DE MACACU - RJ,Kandango Parceiras,Ponto de Controle - 12,0,35,35,10,Não Informado,0.0,-,F,F,S,F,N,T,F,F,F,F,,-22.465864,-42.654346,0,2025-08-11 14:01:40,2025-09-17 17:24:01
252,247,CHO,RODOVIARIA DE CARMO DA CACHOEIRA - MG,Kandango Parceiras,Ponto de Controle - 12,0,25,25,10,Não Informado,0.0,-,F,F,S,F,N,T,F,F,F,F,,-21.460258,-45.222175,0,2025-08-11 14:25:16,2025-09-17 17:25:29
238,235,CHP,RODOVIARIA DE CACHOEIRA PAULISTA - SP,Kandango Parceiras,Ponto de Controle - 12,0,50,50,10,Não Informado,0.0,-,F,F,S,F,N,T,F,F,F,F,,-22.671541,-45.004168,0,2025-08-11 14:00:06,2025-09-17 17:28:44
200,197,CHU.CARQUE,VILA FIRMEZA - PE - CHURR. CARNE E QUEIJO,Kandango Parceiras,Local Não Autorizado - 42,0,200,200,10,Não Informado,0.0,-,F,F,N,F,N,T,F,F,F,F,,-6.701266,-35.114821,0,2025-08-06 15:01:16,2025-09-17 15:50:27
203,200,CHU.CAVION,UBERABA - MG / CHURR. CAVION,Kandango Parceiras,Local Não Autorizado - 42,0,50,50,10,Não Informado,0.0,-,F,F,N,F,N,T,F,F,F,F,,-19.441272,-48.065226,0,2025-08-06 15:31:38,2025-11-13 10:00:02
198,195,CHU.GUAIBA,CHURRASCARIA GUAIBA,Kandango Parceiras,Ponto de Controle - 12,0,80,50,10,Não Informado,0.0,-,F,F,N,F,N,T,T,F,F,F,,-5.704751,-36.252460,0,2025-08-06 14:21:59,2025-09-17 13:20:32
143,143,CHUR 2IRMA,CHURRASCARIA 2 IRMAOS IBOTIRAMA BA,Kandango Parceiras,Ponto de Controle - 12,0,200,200,0,Não Informado,0.0,-,F,F,N,F,N,T,T,F,F,F,,-12.173194,-43.202201,1,2024-10-16 15:18:09,2025-09-17 17:29:13
167,167,CHUR CHAPE,CHURRASCARIA CHIMARRAO - MORRO DO CHAPEU-BA,Kandango Parceiras,Ponto de Controle - 12,0,80,80,0,Não Informado,0.0,-,F,F,N,F,N,T,T,F,F,F,,-11.557146,-41.157434,1,2024-10-24 09:39:45,2025-09-18 09:08:42
383,367,CHURR BDM,ITABERABA - BA / CHURR. BOM DEMAIS ,Kandango Parceiras,Local Não Autorizado - 42,0,120,100,10,Não Informado,0.0,-,F,F,N,F,N,T,F,F,F,F,,-12.517730,-40.285448,0,2025-08-21 09:51:42,2025-09-17 13:24:32
241,238,CIC,RODOVIARIA DE CAICO - RN,Kandango Parceiras,Ponto de Controle - 12,0,50,50,10,Não Informado,0.0,-,F,F,S,F,N,T,F,F,F,F,,-6.444022,-37.072540,0,2025-08-11 14:04:31,2025-08-11 14:04:31
247,244,CII,RODOVIARIA DE CANTO DO BURITI - PI,Kandango Parceiras,Ponto de Controle - 12,0,30,15,10,Não Informado,0.0,-,F,F,S,F,N,T,F,F,F,F,,-8.110769,-42.941293,0,2025-08-11 14:13:39,2025-09-17 17:30:39
196,193,CINQUENTAO,POSTO CINQUENTÃO,Kandango Parceiras,Ponto de Controle - 12,0,200,200,10,Não Informado,0.0,-,F,F,N,F,N,T,T,F,F,F,,-18.828736,-46.794650,0,2025-08-06 13:50:55,2025-09-18 09:14:43
452,419,COMETA,GURUPI - TO / RESTAURANTE COMETA,Kandango Parceiras,Local Não Autorizado - 42,0,50,50,0,Não Informado,0.0,-,F,F,N,F,N,T,F,F,F,F,,-11.696416,-49.072307,0,2025-10-07 11:56:13,2025-10-07 11:56:13
236,233,COO,RODOVIARIA DE CABROBO - PE,Kandango Parceiras,Ponto de Controle - 12,0,35,35,10,Não Informado,0.0,-,F,F,S,F,N,T,F,F,F,F,,-8.508877,-39.309874,0,2025-08-11 13:56:23,2025-09-17 17:31:33
182,182,COTEGIPE,RODOVIARIA DE COTEGIPE - BA,Kandango Parceiras,Ponto de Controle - 12,0,25,25,0,Não Informado,0.0,-,F,F,S,F,N,T,F,F,F,F,,-12.038364,-44.265211,1,2024-12-09 16:30:30,2025-09-17 17:41:14
237,234,CPV,RODOVIARIA DE CAÇAPAVA-SP,Kandango Parceiras,Ponto de Controle - 12,0,50,50,10,Não Informado,0.0,-,F,F,S,F,N,T,F,F,F,F,,-23.110070,-45.708230,0,2025-08-11 13:58:17,2025-09-17 17:42:29
246,243,CRA,RODOVIARIA DE CAMPO MAIOR - PI,Kandango Parceiras,Ponto de Controle - 12,0,30,30,10,Não Informado,0.0,-,F,F,S,F,N,T,F,F,F,F,,-4.829979,-42.170068,0,2025-08-11 14:11:24,2025-09-17 17:43:58
254,249,CRF,RODOVIARIA DE CORONEL FABRICIANO - MG,Kandango Parceiras,Ponto de Controle - 12,0,50,50,10,Não Informado,0.0,-,F,F,S,F,N,T,F,F,F,F,,-19.528876,-42.623045,0,2025-08-11 14:32:47,2025-09-17 17:44:52
73,73,CRISTALINA,RODOVIARIA DE CRISTALINA,Kandango Parceiras,Ponto de Controle - 12,0,50,50,10,Não Informado,0.0,-,F,F,S,F,N,T,F,F,F,F,,-16.764631,-47.613911,1,2024-08-04 15:52:04,2025-09-17 17:46:18
181,181,CRISTOP,RODOVIÁRIA DE CRISTOPOLIS - BA,Kandango Parceiras,Ponto de Controle - 12,0,40,60,0,Não Informado,0.0,-,F,F,S,F,N,T,F,F,F,F,,-12.233238,-44.413780,1,2024-12-09 16:27:12,2025-09-19 08:34:49
396,379,CSA BRANC,QUIPAPÁ - PE  - CHURR. CASA BRANCA,Kandango Parceiras,Local Não Autorizado - 42,0,50,50,10,Não Informado,0.0,-,F,F,N,F,N,T,F,F,F,F,,-8.811468,-36.012813,0,2025-08-27 10:46:14,2025-09-17 15:51:26
258,253,CSS,RODOVIARIA DE CURRAIS NOVOS - RN,Kandango Parceiras,Ponto de Controle - 12,0,50,50,10,Não Informado,0.0,-,F,F,S,F,N,T,F,F,F,F,,-6.260238,-36.519544,0,2025-08-11 14:41:47,2025-09-17 17:48:00
253,248,CTL,RODOVIARIA DE CATALAO - GO,Kandango Parceiras,Ponto de Controle - 12,0,50,50,10,Não Informado,0.0,-,F,F,S,F,N,T,F,F,F,F,,-18.171858,-47.926462,0,2025-08-11 14:27:51,2025-09-17 10:40:43
377,363,CTN,RODOVIARIA DE CRISTINAPOLIS - SE,Kandango Parceiras,Ponto de Controle - 12,0,15,15,10,Não Informado,0.0,-,F,F,S,F,N,T,F,F,F,F,,-11.478131,-37.754258,0,2025-08-12 09:32:26,2025-09-17 17:49:41
255,250,CTO,RODOVIARIA DE CRATO - CE,Kandango Parceiras,Ponto de Controle - 12,0,35,50,10,Não Informado,0.0,-,F,F,S,F,N,T,F,F,F,F,,-7.229171,-39.397614,0,2025-08-11 14:33:59,2025-09-17 17:50:57
257,252,CUP,RODOVIARIA DE CUPIRA - PE,Kandango Parceiras,Ponto de Controle - 12,0,50,50,10,Não Informado,0.0,-,F,F,S,F,N,T,F,F,F,F,,-8.612958,-35.956496,0,2025-08-11 14:40:07,2025-09-17 17:51:59
256,251,CYT,RODOVIARIA DE CRISTINO CASTRO - PI,Kandango Parceiras,Ponto de Controle - 12,0,50,50,10,Não Informado,0.0,-,F,F,S,F,N,T,F,F,F,F,,-8.806513,-44.215783,0,2025-08-11 14:36:23,2025-09-17 17:53:19
199,196,DDD.242,POSTO DDD 242,Kandango Parceiras,Ponto de Controle - 12,0,135,135,10,Não Informado,0.0,-,F,F,N,F,N,T,T,F,F,F,,-12.419105,-41.838660,0,2025-08-06 14:32:31,2025-09-18 09:15:48
180,180,DETRAN DES,ECO POSTO DETRAN RECIFE - DESEMBARQUE,Kandango Parceiras,Ponto de Controle - 12,0,50,50,0,Não Informado,0.0,-,F,F,S,F,N,T,T,F,F,F,,-8.042357,-34.943826,1,2024-12-04 14:09:19,2025-09-18 09:17:01
179,179,DETRAN EMB,ECO POSTO DETRAN RECIFE - EMBARQUE,Kandango Parceiras,Ponto de Controle - 12,0,25,25,0,Não Informado,0.0,-,F,F,N,F,N,T,T,F,F,F,,-8.033239,-34.941661,1,2024-12-04 13:50:40,2025-09-17 13:44:40
453,420,DIVINO SAB,CAMPO ALEGRE - AL / RESTAURANTE DIVINO SABOR,Kandango Parceiras,Local Não Autorizado - 42,0,50,50,0,Não Informado,0.0,-,F,F,N,F,N,T,F,F,F,F,,-9.778603,-36.353153,0,2025-10-07 13:44:21,2025-10-07 13:44:21
201,198,DOM PAULIS,IPUTINGA - PB - DOM PAULIS,Kandango Parceiras,Local Não Autorizado - 42,0,50,50,10,Não Informado,0.0,-,F,F,N,F,N,T,F,F,F,F,,-8.691189,-35.601221,0,2025-08-06 15:03:24,2025-09-17 15:51:52
403,386,DOMINGOS,MOSSORÓ - RN - POST. DOMINGOS ,Kandango Parceiras,Local Não Autorizado - 42,0,50,50,10,Não Informado,0.0,-,F,F,N,F,N,T,T,F,F,F,,-5.088306,-37.335638,0,2025-09-01 09:26:02,2025-10-21 16:18:33
397,380,DONA MARTA,QUIPAPÁ - PE  - REST. DONA MARTA,Kandango Parceiras,Local Não Autorizado - 42,0,50,50,10,Não Informado,0.0,-,F,F,N,F,N,T,F,F,F,F,,-9.897761,-36.439734,1,2025-08-27 11:03:47,2025-09-17 15:52:42
272,258,ECN,RODOVIARIA DE EUCLIDES DA CUNHA - BA,Kandango Parceiras,Ponto de Controle - 12,0,50,50,10,Não Informado,0.0,-,F,F,S,F,N,T,F,F,F,F,,-10.502890,-39.010533,0,2025-08-11 15:01:20,2025-09-18 07:54:00
428,403,ECOPOSTO,BR 101 - PE / ECOPOSTO,Kandango Parceiras,Local Não Autorizado - 42,0,50,50,0,Não Informado,0.0,-,F,F,S,F,N,T,T,F,F,F,,-7.792677,-34.928006,0,2025-09-17 14:11:42,2026-04-01 17:11:56
44,43,ELITE 2,POSTO ELITE 2 - AMELIA RODRIGUES BA,Kandango Parceiras,Ponto de Controle - 12,0,150,150,0,Não Informado,0.0,-,F,F,N,F,N,T,T,F,F,F,,-12.361132,-38.835973,0,2023-09-20 15:40:18,2025-09-18 09:20:01
425,400,ELITE3-CG,CAPIM GROSSO - BA -  POSTO ELITE 03,Kandango Parceiras,Ponto de Controle - 12,0,65,65,0,Não Informado,0.0,-,F,F,N,F,N,T,T,F,F,F,,-11.384899,-39.994756,0,2025-09-17 10:35:37,2025-09-17 10:35:37
259,254,ELS,RODOVIARIA DE ELISEU MARTINS - PI,Kandango Parceiras,Ponto de Controle - 12,0,50,50,10,Não Informado,0.0,-,F,F,S,F,N,T,F,F,F,F,,-8.104206,-43.660123,0,2025-08-11 14:43:56,2025-09-18 07:56:55
261,256,ESP,RODOVIARIA DE ESPLANADA - BA,Kandango Parceiras,Ponto de Controle - 12,0,50,50,10,Não Informado,0.0,-,F,F,S,F,N,T,F,F,F,F,,-11.787566,-37.950234,0,2025-08-11 14:52:53,2025-09-18 07:58:41
470,437,ESPETÃO GA,VITORIA DA CONQUISTA - BA - REST. ESPETÃO GAUCHO,Kandango Parceiras,Local Não Autorizado - 42,0,50,50,0,Não Informado,0.0,-,F,F,N,F,N,T,F,F,F,F,,-14.807100,-40.784318,0,2025-11-19 17:20:09,2025-11-19 17:20:09
437,412,ESTANCIA,ROD. DE ESTANCIA,Kandango Parceiras,Ponto de Controle - 12,0,50,50,0,Não Informado,0.0,-,F,F,S,F,N,T,F,F,F,F,,-11.274062,-37.447313,0,2025-09-23 11:48:30,2025-09-23 11:48:30
175,175,ESTIVA,GRAAL ESTIVA  - ESTIVA MG,Kandango Parceiras,Ponto de Controle - 12,0,99,80,0,Não Informado,0.0,-,F,F,N,F,N,T,T,F,F,F,,-22.457715,-46.007634,1,2024-10-24 16:19:02,2025-09-18 09:21:33
271,257,ESV,RODOVIARIA DE ESTIVA - MG,Kandango Parceiras,Ponto de Controle - 12,0,18,18,10,Não Informado,0.0,-,F,F,S,F,N,T,F,F,F,F,,-22.464535,-46.015902,0,2025-08-11 14:59:54,2025-09-18 08:00:52
260,255,ETR,RODOVIARIA DE ENTRE RIOS - BA,Kandango Parceiras,Ponto de Controle - 12,0,55,55,10,Não Informado,0.0,-,F,F,S,F,N,T,F,F,F,F,,-11.946340,-38.068983,0,2025-08-11 14:50:57,2025-09-18 08:03:01
443,418,ETREL.SUL2,CHURRASCARIA ESTRELA DO SUL / SANTO ESTEVÃO - BA,Kandango Parceiras,Ponto de Controle - 12,0,50,50,0,Não Informado,0.0,-,F,F,N,F,N,T,T,F,F,F,,-12.461978,-39.271880,0,2025-10-06 15:26:32,2025-10-06 15:26:32
49,48,EX060,EXPRESSO 060 - BSB,Kandango Parceiras,Ponto de Controle - 12,0,70,100,10,Não Informado,0.0,-,F,F,N,F,N,T,T,F,F,F,,-16.008120,-48.245772,0,2023-09-20 16:00:23,2025-09-18 09:22:00
273,259,EXM,RODOVIARIA DE EXTREMA - MG,Kandango Parceiras,Ponto de Controle - 12,0,35,35,10,Não Informado,0.0,-,F,F,S,F,N,T,F,F,F,F,,-22.856498,-46.324807,0,2025-08-11 15:03:00,2025-09-18 08:04:41
45,44,FCS ,RODOVIARIA  FRANCISCO SA - MG,Kandango Parceiras,Ponto de Controle - 12,0,25,25,100,Não Informado,0.0,-,F,F,S,F,N,T,T,F,F,F,,-16.476542,-43.496237,0,2023-09-20 15:42:13,2025-09-17 14:05:38
8,7,FOR,RODOVIARIA FORTALEZA - CE,Kandango Parceiras,Ponto de Controle - 12,0,80,80,0,Não Informado,0.0,-,F,F,S,F,N,T,F,F,F,F,,-3.757727,-38.530662,0,2023-09-20 12:26:23,2025-09-17 11:34:30
31,30,FORMOSA,RODOVIARIA DE FORMOSA - GO,Kandango Parceiras,Ponto de Controle - 12,0,50,50,0,Não Informado,0.0,-,F,F,S,F,N,T,F,F,F,F,,-15.550783,-47.337516,0,2023-09-20 14:54:14,2025-09-17 11:28:45
116,116,GAR BES,GARAGEM BARREIRAS BA,Kandango Parceiras,Ponto de Fechamento - 1,0,50,60,5,Não Informado,0.0,-,F,F,N,F,S,T,F,F,F,F,,-12.133253,-45.015509,1,2024-10-15 12:03:17,2025-09-17 09:50:23
117,117,GAR BHZ,GARAGEM BELO HORIZONTE,Kandango Parceiras,Ponto de Fechamento - 1,0,70,70,0,Não Informado,0.0,0,F,F,N,F,S,T,F,F,F,F,,-19.907835,-43.898221,1,2024-10-15 12:28:09,2025-09-17 09:13:43
112,112,GAR COX,GARAGEM COCOS BA,Kandango Parceiras,Ponto de Fechamento - 1,0,200,200,5,Não Informado,0.0,-,F,F,N,F,S,T,F,F,F,F,,-14.177356,-44.530529,1,2024-10-15 11:08:07,2025-04-07 13:23:35
137,137,GAR ITA,GARAGEM DE ITACARAMBI MG,Kandango Parceiras,Ponto de Fechamento - 1,0,200,200,0,Não Informado,0.0,-,F,F,N,F,S,T,F,F,F,F,,-15.095656,-44.099347,1,2024-10-15 18:21:46,2025-04-07 13:23:47
84,84,GAR PLM,GARAGEM DE PALMAS,Kandango Parceiras,Ponto de Fechamento - 1,0,50,50,0,Não Informado,0.0,-,F,F,N,F,S,T,F,F,F,F,,-10.250427,-48.314161,1,2024-10-14 11:17:37,2025-09-18 08:07:44
145,145,GAR SALVAD,GARAGEM SALVADOR BA,Kandango Parceiras,Ponto de Fechamento - 1,0,90,90,0,Não Informado,0.0,-,F,F,N,F,S,T,F,F,F,F,,-12.977267,-38.467510,1,2024-10-16 16:07:59,2025-04-28 10:42:47
111,111,GAR TBCAS,GARAGEM TABOCAS DO B.VELHO,Kandango Parceiras,Ponto de Fechamento - 1,0,40,60,5,Não Informado,0.0,-,F,F,N,F,S,T,F,F,F,F,,-12.703413,-44.006736,1,2024-10-15 10:41:51,2025-09-24 09:18:20
130,130,GAR THE,GARAGEM TERESINA PI,Kandango Parceiras,Ponto de Fechamento - 1,0,50,50,0,Não Informado,0.0,-,F,F,N,F,S,T,F,F,F,F,,-5.131895,-42.789439,1,2024-10-15 14:31:18,2025-09-18 13:10:07
136,136,GAR UDI,GARAGEM DE UBERLANDIA,Kandango Parceiras,Ponto de Fechamento - 1,0,30,30,0,Não Informado,0.0,-,F,F,N,F,S,T,F,F,F,F,,-18.899537,-48.276685,1,2024-10-15 16:58:45,2025-09-17 11:06:34
463,430,GARAGEM VP,JARDIM INGA - GO / GARAGEM CATEDRAL,Kandango Parceiras,Ponto de Controle - 12,0,135,135,20,Não Informado,0.0,-,F,F,N,F,S,T,F,F,F,F,,-16.161608,-47.973377,0,2025-10-31 10:19:12,2025-10-31 10:19:12
135,135,Gauchinha,APARECIDA - GO - CHURRASCARIA DO GAUCHINHA,Kandango Parceiras,Ponto de Controle - 12,0,50,70,0,Não Informado,0.0,-,F,F,N,F,N,T,T,F,F,F,,-16.805169,-49.240004,1,2024-10-15 16:44:33,2025-09-18 09:22:51
457,424,GAUCHINHO,UBERLANDIA - MG / REST. GAUCHINHO,Kandango Parceiras,Local Não Autorizado - 42,0,30,30,0,Não Informado,0.0,-,F,F,N,F,N,T,F,F,F,F,,-18.870977,-48.256583,0,2025-10-08 13:24:09,2025-10-09 09:30:08
65,65,GCETROSSA,GARAGEM VIACAO CETRO SALVADOR,Kandango Parceiras,Ponto de Fechamento - 1,0,200,200,20,Não Informado,0.0,-,F,F,N,F,S,T,T,F,F,F,,-12.908530,-38.451571,0,2024-02-02 00:08:44,2025-04-02 17:19:08
23,22,GCPIR,GRAAL CORAL PIRASSUNUNGA - SP,Kandango Parceiras,Ponto de Controle - 12,0,200,200,10,Não Informado,0.0,-,F,F,N,F,N,T,T,F,F,F,,-22.002473,-47.445263,0,2023-09-20 14:33:49,2025-09-18 09:23:54
274,260,GLU,RODOVIARIA DE GILBUES - PI,Kandango Parceiras,Ponto de Controle - 12,0,30,30,10,Não Informado,0.0,-,F,F,S,F,N,T,F,F,F,F,,-9.841887,-45.347140,0,2025-08-11 15:04:18,2025-09-18 08:08:23
276,262,GOH,RODOVIARIA DE GOIANINHA - RN,Kandango Parceiras,Ponto de Controle - 12,0,35,35,10,Não Informado,0.0,-,F,F,S,F,N,T,F,F,F,F,,-6.269933,-35.209692,0,2025-08-11 15:07:50,2025-09-18 08:10:04
275,261,GOI,RODOVIARIA DE GOIANA - PE,Kandango Parceiras,Ponto de Controle - 12,0,75,75,10,Não Informado,0.0,-,F,F,S,F,N,T,F,F,F,F,,-7.559759,-35.010551,0,2025-08-11 15:06:28,2025-09-18 08:12:01
2,1,GPBSB,GARAGEM MATRIZ BRASILIA - BSB,Kandango Parceiras,Ponto de Fechamento - 1,0,65,65,10,Não Informado,0.0,-,F,F,N,F,S,T,F,F,F,F,,-15.820196,-47.954673,0,2023-09-19 14:59:23,2025-09-18 08:35:24
39,38,GPGYN,GARAGEM DE GOIANIA - GO,Kandango Parceiras,Ponto de Fechamento - 1,0,50,50,0,Não Informado,0.0,-,F,F,N,F,S,T,F,F,F,F,,-16.662461,-49.330095,0,2023-09-20 15:23:33,2025-09-17 10:22:14
67,67,GPNAT,GARAGEM NATAL,Kandango Parceiras,Ponto de Fechamento - 1,0,200,200,20,Não Informado,0.0,-,F,F,N,F,S,T,F,F,F,F,,-5.815859,-35.246111,0,2024-02-02 01:03:56,2025-04-02 17:20:21
41,40,GPREC,GARAGEM DE RECIFE - PE,Kandango Parceiras,Ponto de Fechamento - 1,0,60,60,0,Não Informado,0.0,-,F,F,N,F,S,T,F,F,F,F,,-8.072408,-34.986620,0,2023-09-20 15:33:58,2025-09-18 11:30:13
40,39,GPSAO,GARAGEM DE SAO PAULO - SP,Kandango Parceiras,Ponto de Fechamento - 1,0,50,50,10,Não Informado,0.0,-,F,F,N,F,S,T,F,F,F,F,,-23.515801,-46.700805,0,2023-09-20 15:30:33,2025-09-17 08:28:01
427,402,GR.GRS,GARAGEM DE GUARULHOS - SP,Kandango Parceiras,Ponto de Fechamento - 1,0,230,230,0,Não Informado,0.0,-,F,F,N,F,S,T,T,F,F,F,,-23.489609,-46.557237,0,2025-09-17 13:55:46,2025-09-17 14:20:33
26,25,GRAAL-URA,GRAAL ANTARERS UBERABA - MG,Kandango Parceiras,Ponto de Controle - 12,0,100,100,10,Não Informado,0.0,-,F,F,N,F,N,T,T,F,F,F,,-19.764209,-47.975107,0,2023-09-20 14:45:10,2025-09-18 09:25:35
152,152,GRAAL67,GRAAL 67 JUNDIAI SP,Kandango Parceiras,Ponto de Controle - 12,0,75,75,10,Não Informado,0.0,-,F,F,N,F,N,T,T,F,F,F,,-23.129223,-46.950277,1,2024-10-17 18:10:59,2025-09-17 08:33:22
422,397,GRILLER ,Grill Sul Churrascaria / Leme - SP,Kandango Parceiras,Ponto de Controle - 12,0,50,50,0,Não Informado,0.0,-,F,F,N,F,N,T,T,F,F,F,,-22.188939,-47.399805,0,2025-09-17 08:42:33,2025-09-26 11:40:34
280,266,GRS,RODOVIARIA DE GUARULHOS - SP,Kandango Parceiras,Ponto de Controle - 12,0,100,100,10,Não Informado,0.0,-,F,F,S,F,N,T,F,F,F,F,,-23.448518,-46.496872,0,2025-08-11 15:13:51,2025-08-11 15:13:51
279,265,GTA,RODOVIARIA DE GUARATINGUETA - SP,Kandango Parceiras,Ponto de Controle - 12,0,50,50,10,Não Informado,0.0,-,F,F,S,F,N,T,F,F,F,F,,-22.819977,-45.195280,0,2025-08-11 15:12:00,2025-09-18 08:12:43
42,41,GTFOR,GARAGEM FORTALEZA - CE,Kandango Parceiras,Ponto de Fechamento - 1,0,35,45,10,Não Informado,0.0,-,F,F,N,F,S,T,F,F,F,F,,-3.740764,-38.535130,0,2023-09-20 15:38:15,2025-09-19 15:55:54
148,148,GUARA SP,GUARÁ - SP - REST.E GUARA,Kandango Parceiras,Local Não Autorizado - 42,0,200,200,40,Não Informado,0.0,-,F,F,N,F,N,T,F,F,F,F,,-20.458810,-47.836178,1,2024-10-17 11:46:33,2025-09-17 15:55:01
183,183,GUARANI,GRUPO 2 IRMÃOS DIVISA GO/BA - GUARANI DE GOIAS,Kandango Parceiras,Ponto de Controle - 12,0,200,200,0,Não Informado,0.0,-,F,F,N,F,N,T,T,F,F,F,,-14.010551,-46.214533,1,2025-01-03 14:01:54,2025-04-02 17:21:42
277,263,GVS,RODOVIARIA DE GOVERNADOR VALADARES - MG,Kandango Parceiras,Ponto de Controle - 12,0,50,50,10,Não Informado,0.0,-,F,F,S,F,N,T,F,F,F,F,,-18.859093,-41.946258,0,2025-08-11 15:08:57,2025-09-18 08:13:12
278,264,GVT,RODOVIARIA DE GRAVATA - PE,Kandango Parceiras,Ponto de Controle - 12,0,50,50,10,Não Informado,0.0,-,F,F,S,F,N,T,F,F,F,F,,-8.196288,-35.568990,0,2025-08-11 15:10:15,2025-09-18 08:14:04
24,23,GYN,RODOVIARIA DE GOIANIA - GO,Kandango Parceiras,Ponto de Controle - 12,0,130,130,10,Não Informado,0.0,-,F,F,S,F,N,T,F,F,F,F,,-16.659379,-49.259684,0,2023-09-20 14:34:19,2025-09-18 08:15:46
281,267,HDD,RODOVIARIA DE HIDROLANDIA - GO,Kandango Parceiras,Ponto de Controle - 12,0,35,35,10,Não Informado,0.0,-,F,F,S,F,N,T,F,F,F,F,,-16.961573,-49.230347,0,2025-08-11 15:14:54,2025-09-18 08:16:53
282,268,IBB,RODOVIARIA DE IBIPEBA - BA,Kandango Parceiras,Ponto de Controle - 12,0,50,50,10,Não Informado,0.0,-,F,F,S,F,N,T,F,F,F,F,,-11.644014,-42.009144,0,2025-08-11 15:16:53,2025-09-18 08:18:40
58,57,IBM,RODOVIARIA IBOTIRAMA -BA ,Kandango Parceiras,Ponto de Controle - 12,0,50,200,10,Não Informado,0.0,-,F,F,N,F,N,T,T,F,F,F,,-12.181139,-43.207854,0,2023-09-20 16:28:02,2025-09-17 14:12:08
283,269,ICO,RODOVIARIA DE ICO - CE,Kandango Parceiras,Ponto de Controle - 12,0,50,50,10,Não Informado,0.0,-,F,F,S,F,N,T,F,F,F,F,,-6.406143,-38.863804,0,2025-08-11 15:17:48,2025-09-18 08:20:36
7,6,IEB,RODOVIARIA  ITABERABA - BA ,Kandango Parceiras,Ponto de Controle - 12,0,20,20,10,Não Informado,0.0,-,F,F,S,F,N,T,F,F,F,F,,-12.531134,-40.303805,0,2023-09-20 12:25:48,2025-09-18 09:29:02
284,270,IGA,RODOVIARIA DE IGARAPAVA - SP,Kandango Parceiras,Ponto de Controle - 12,0,50,50,10,Não Informado,0.0,-,F,F,S,F,N,T,F,F,F,F,,-20.043472,-47.762685,0,2025-08-11 15:19:03,2025-09-18 08:22:06
287,273,IIG,RODOVIARIA DE IPATINGA - MG,Kandango Parceiras,Ponto de Controle - 12,0,50,50,10,Não Informado,0.0,-,F,F,S,F,N,T,F,F,F,F,,-19.480711,-42.523761,0,2025-08-11 15:23:22,2025-09-18 08:23:11
291,277,IJD,RODOVIARIA DE ITAPORANGA DAJUDA,Kandango Parceiras,Ponto de Controle - 12,0,50,50,10,Não Informado,0.0,-,F,F,S,F,N,T,F,F,F,F,,-10.997016,-37.306490,0,2025-08-11 15:28:48,2025-09-18 08:24:44
286,272,INP,RODOVIARIA DE INHAPIM - MG,Kandango Parceiras,Ponto de Controle - 12,0,50,50,10,Não Informado,0.0,-,F,F,S,F,N,T,F,F,F,F,,-19.549103,-42.123519,0,2025-08-11 15:22:13,2025-09-18 08:26:03
290,276,IOM,RODOVIARIA DE ITAOBIM - MG,Kandango Parceiras,Ponto de Controle - 12,0,25,25,10,Não Informado,0.0,-,F,F,S,F,N,T,F,F,F,F,,-16.561492,-41.503894,0,2025-08-11 15:26:53,2025-09-18 08:27:47
289,275,IOY,RODOVIARIA DE ITABORAI - RJ,Kandango Parceiras,Ponto de Controle - 12,0,50,50,10,Não Informado,0.0,-,F,F,S,F,N,T,F,F,F,F,,-22.744092,-42.856592,0,2025-08-11 15:25:42,2025-08-11 15:25:42
288,274,IRE,RODOVIARIA DE IRECE - BA,Kandango Parceiras,Ponto de Controle - 12,0,45,45,10,Não Informado,0.0,-,F,F,S,F,N,T,F,F,F,F,,-11.302807,-41.848562,0,2025-08-11 15:24:21,2025-09-18 08:29:53
285,271,ISS,RODOVIARIA DE IGARASSU - PE,Kandango Parceiras,Ponto de Controle - 12,0,95,95,10,Não Informado,0.0,-,F,F,S,F,N,T,F,F,F,F,,-7.833059,-34.911917,0,2025-08-11 15:20:45,2025-09-18 08:31:13
168,168,ITAPEMIRIM,PONTO DE APOIO ITAPEMIRIM - ANAPOLIS GO,Kandango Parceiras,Local Não Autorizado - 42,0,110,100,0,Não Informado,0.0,0,F,F,N,F,N,T,F,F,F,F,,-16.355302,-48.927469,1,2024-10-24 10:28:26,2025-10-20 10:46:29
464,431,ITAUEIRA,RODOVIARIA DE ITAUIERA PI,Kandango Parceiras,Ponto de Controle - 12,0,35,35,10,Não Informado,0.0,-,F,F,S,F,N,T,F,F,F,F,,-7.603104,-43.027210,0,2025-10-31 10:34:27,2025-10-31 10:34:27
292,278,ITM,RODOVIARIA DE ITUMBIARA - GO,Kandango Parceiras,Ponto de Controle - 12,0,95,95,10,Não Informado,0.0,-,F,F,S,F,N,T,F,F,F,F,,-18.402974,-49.210994,0,2025-08-11 15:32:36,2025-09-18 08:32:35
293,279,ITV,RODOVIARIA DE ITUVERAVA - SP,Kandango Parceiras,Ponto de Controle - 12,0,38,50,10,Não Informado,0.0,-,F,F,S,F,N,T,F,F,F,F,,-20.339397,-47.776046,0,2025-08-11 15:34:26,2025-09-18 08:34:08
466,433,JABOATAO,JABOATÃO DOS GUARARAPES - PE,Kandango Parceiras,Ponto de Controle - 12,0,80,120,10,Não Informado,0.0,-,F,F,N,F,N,T,T,F,F,F,,-8.094693,-35.045021,0,2025-11-03 16:27:11,2025-11-03 16:27:11
166,166,JACOBINA,RODOVIARIA DE JACOBINA-BA,Kandango Parceiras,Ponto de Controle - 12,0,60,60,0,Não Informado,0.0,-,F,F,S,F,N,T,F,F,F,F,,-11.184665,-40.520863,1,2024-10-24 09:34:59,2025-09-18 08:35:34
294,280,JGQ,RODOVIARIA DE JAGUAQUARA - BA,Kandango Parceiras,Ponto de Controle - 12,0,50,50,10,Não Informado,0.0,-,F,F,S,F,N,T,F,F,F,F,,-13.526083,-39.971393,0,2025-08-11 15:36:10,2025-09-18 08:36:23
296,282,JML,RODOVIARIA DE JOAO MONLEVADE - MG,Kandango Parceiras,Ponto de Controle - 12,0,50,50,10,Não Informado,0.0,-,F,F,S,F,N,T,F,F,F,F,,-19.840214,-43.196541,0,2025-08-11 15:42:46,2025-09-18 08:37:20
413,389,JORGINHO,PORÇÕES - BA - POST. JORGINHO,Kandango Parceiras,Local Não Autorizado - 42,0,50,50,10,Não Informado,0.0,-,F,F,N,F,N,T,F,F,F,F,,-14.568030,-40.419272,0,2025-09-01 16:33:23,2025-09-17 15:55:46
6,5,JPA,RODOVIARIA JOÃO PESSOA- PB,Kandango Parceiras,Ponto de Controle - 12,0,100,120,10,Não Informado,0.0,-,F,F,S,F,N,T,T,F,F,F,,-7.118322,-34.891108,0,2023-09-20 12:24:33,2025-09-24 13:57:57
295,281,JRG,RODOVIARIA DE JARAGUA - GO,Kandango Parceiras,Ponto de Controle - 12,0,50,50,10,Não Informado,0.0,-,F,F,S,F,N,T,F,F,F,F,,-15.756650,-49.330030,0,2025-08-11 15:39:43,2025-09-18 08:38:27
157,157,JUAZEIRO,RODOVIARIA DE JUAZEIRO DO NORTE - CE,Kandango Parceiras,Ponto de Controle - 12,0,50,50,0,Não Informado,0.0,-,F,F,S,F,N,T,F,F,F,F,,-7.226530,-39.322537,1,2024-10-22 14:07:43,2025-09-18 08:39:32
162,162,JUAZEIROBA,RODOVIARIA DE JUAZEIRO-BA,Kandango Parceiras,Ponto de Controle - 12,0,50,50,0,Não Informado,0.0,-,F,F,S,F,N,T,F,F,F,F,,-9.437257,-40.496876,1,2024-10-24 09:12:33,2025-09-18 08:40:45
172,172,JUNDIAI,RODOVIARIA DE JUNDIAI-SP,Kandango Parceiras,Ponto de Controle - 12,0,65,80,0,Não Informado,0.0,-,F,F,S,F,N,T,F,F,F,F,,-23.207289,-46.895503,1,2024-10-24 11:36:18,2025-09-17 08:31:52
477,443,KAMBUI,LEME - SP - CHURR KAMBUI,Kandango Parceiras,Local Não Autorizado - 42,0,50,50,0,Não Informado,0.0,-,F,F,N,F,N,T,F,F,F,F,,-22.134075,-47.409577,0,2026-03-19 14:31:21,2026-03-19 14:31:21
389,372,Kambui Res,ORLANDIA - SP / Kambui Restaurante,Kandango Parceiras,Ponto de Controle - 12,0,150,150,10,Não Informado,0.0,-,F,F,N,F,N,T,T,F,F,F,,-20.698716,-47.893183,1,2025-08-25 17:33:13,2025-09-18 09:29:51
34,33,LABRESCIA,CHURRASCARIA GAUCHA LABRESCIA  PATOS DE MINAS - MG,Kandango Parceiras,Ponto de Controle - 12,0,20,20,10,Não Informado,0.0,-,F,F,N,F,N,T,T,F,F,F,,-18.641958,-46.497602,0,2023-09-20 15:09:11,2025-09-18 09:31:19
297,283,LAJ,RODOVIARIA DE LAJE - BA,Kandango Parceiras,Ponto de Controle - 12,0,12,12,10,Não Informado,0.0,-,F,F,S,F,N,T,F,F,F,F,,-13.180334,-39.417111,0,2025-08-11 15:46:55,2025-09-18 08:49:58
171,171,LEME,RODOVIARIA DE LEME-SP,Kandango Parceiras,Ponto de Controle - 12,0,50,50,0,Não Informado,0.0,-,F,F,S,F,N,T,F,F,F,F,,-22.189869,-47.396082,1,2024-10-24 11:07:23,2025-09-18 08:50:42
298,284,LFS,RODOVIARIA DE LAURO DE FREITAS - BA,Kandango Parceiras,Ponto de Controle - 12,0,50,50,10,Não Informado,0.0,-,F,F,S,F,N,T,F,F,F,F,,-12.897531,-38.333006,0,2025-08-11 15:49:46,2025-09-18 08:51:53
301,287,LNA,RODOVIARIA DE LORENA - SP,Kandango Parceiras,Ponto de Controle - 12,0,50,50,10,Não Informado,0.0,-,F,F,S,F,N,T,F,F,F,F,,-22.740256,-45.119554,0,2025-08-11 16:02:01,2025-09-18 08:53:01
299,285,LPD,RODOVIARIA DE LEOPOLDINA - MG,Kandango Parceiras,Ponto de Controle - 12,0,60,60,10,Não Informado,0.0,-,F,F,S,F,N,T,F,F,F,F,,-21.532174,-42.634679,0,2025-08-11 15:52:08,2025-09-18 08:53:51
300,286,LRA,RODOVIARIA DE LIMEIRA - SP,Kandango Parceiras,Ponto de Controle - 12,0,50,50,10,Não Informado,0.0,-,F,F,S,F,N,T,F,F,F,F,,-22.565034,-47.398133,0,2025-08-11 16:00:49,2025-09-18 08:54:57
68,68,LUIS E MAG,RODOVIARIA DE LUIS EDUARDO MAGALHAES,Kandango Parceiras,Ponto de Controle - 12,0,90,90,30,Não Informado,0.0,-,F,F,S,F,N,T,F,F,F,F,,-12.095564,-45.810791,1,2024-02-02 01:27:42,2025-09-17 09:56:57
302,288,LZA,RODOVIARIA DE LUZIANIA - GO,Kandango Parceiras,Ponto de Controle - 12,0,50,50,10,Não Informado,0.0,-,F,F,S,F,N,T,F,F,F,F,,-16.258850,-47.959450,0,2025-08-11 16:03:34,2025-08-11 16:03:34
311,297,MAH,RODOVIARIA DE MISSAO VELHA - CE,Kandango Parceiras,Ponto de Controle - 12,0,50,50,10,Não Informado,0.0,-,F,F,S,F,N,T,F,F,F,F,,-7.249475,-39.141552,0,2025-08-11 16:23:32,2025-08-11 16:23:32
436,411,MAINHA ,REST. & LANCHONETE DA MAINHA / CATALÃO - GO,Kandango Parceiras,Local Não Autorizado - 42,0,25,25,0,Não Informado,0.0,-,F,F,N,F,N,T,F,F,F,F,,-18.243316,-47.991465,0,2025-09-19 16:19:55,2025-09-19 16:22:34
415,391,MARCPLO BS,MARCOPLO BRASILIA ,Kandango Parceiras,Ponto de Fechamento - 1,0,100,100,30,Não Informado,0.0,-,F,F,N,F,N,T,T,F,F,F,,-15.869239,-48.034795,0,2025-09-08 08:29:57,2025-12-01 16:06:51
304,290,MARI,RODOVIARIA DE MAIRIPORA - SP,Kandango Parceiras,Ponto de Controle - 12,0,50,50,10,Não Informado,0.0,-,F,F,S,F,N,T,F,F,F,F,,-23.316790,-46.584000,0,2025-08-11 16:09:12,2025-08-11 16:09:12
126,126,MARISTELA,RESTAURANTE MARISTELA - ITAUEIRA PI,Kandango Parceiras,Ponto de Controle - 12,0,20,20,0,Não Informado,0.0,-,F,F,N,F,N,T,T,F,F,F,,-7.603206,-43.027698,1,2024-10-15 14:16:01,2025-10-31 10:29:39
438,413,MARZAGAO, MARZAGAO - GO - Postos Shell,Kandango Parceiras,Local Não Autorizado - 42,0,50,50,0,Não Informado,0.0,-,F,F,N,F,N,T,F,F,F,F,,-17.969095,-48.641627,0,2025-10-03 15:44:13,2025-10-03 15:44:13
70,70,MATINH_UDI,POSTO MATINHA UBERLANDIA,Kandango Parceiras,Ponto de Controle - 12,0,25,40,10,Não Informado,0.0,-,F,F,N,F,N,T,T,F,F,F,,-18.898808,-48.243357,0,2024-05-05 15:24:28,2025-10-15 10:55:19
303,289,MCI,RODOVIARIA DE MACAIBA - RN,Kandango Parceiras,Ponto de Controle - 12,0,50,50,10,Não Informado,0.0,-,F,F,S,F,N,T,F,F,F,F,,-5.859337,-35.349349,0,2025-08-11 16:07:02,2025-08-11 16:07:02
17,16,MCZ,RODOVIARIA DE MACEIO - AL,Kandango Parceiras,Ponto de Controle - 12,0,90,90,10,Não Informado,0.0,-,F,F,S,F,N,T,F,F,F,F,,-9.645924,-35.725563,0,2023-09-20 14:13:07,2025-09-17 14:23:41
307,293,MDA,RODOVIARIA DE MEDINA - MG,Kandango Parceiras,Ponto de Controle - 12,0,50,50,10,Não Informado,0.0,-,F,F,S,F,N,T,F,F,F,F,,-16.232180,-41.476426,0,2025-08-11 16:15:17,2025-08-11 16:15:17
382,366,MEGA GRILL,VITORIA DA CONQUISTA - BA /CHURR. MEGA GRILL,Kandango Parceiras,Ponto de Controle - 12,0,80,80,10,Não Informado,0.0,-,F,F,N,F,N,T,F,F,F,F,,-14.883109,-40.859150,0,2025-08-18 14:38:22,2025-09-17 14:26:17
10,9,MESS,RODOVIARIA MESSEJANA CE ,Kandango Parceiras,Ponto de Controle - 12,0,60,50,10,Não Informado,0.0,-,F,F,N,F,N,T,T,F,F,F,,-3.831219,-38.500679,0,2023-09-20 12:31:49,2025-09-17 14:27:30
308,294,MGN,RODOVIARIA DE MIGUEL CALMON - BA,Kandango Parceiras,Ponto de Controle - 12,0,50,50,10,Não Informado,0.0,-,F,F,S,F,N,T,F,F,F,F,,-11.425775,-40.592949,0,2025-08-11 16:18:01,2025-08-11 16:18:01
310,296,MGS,RODOVIARIA DE MILAGRES - CE,Kandango Parceiras,Ponto de Controle - 12,0,50,50,10,Não Informado,0.0,-,F,F,S,F,N,T,F,F,F,F,,-7.311624,-38.937746,0,2025-08-11 16:21:03,2025-08-11 16:21:03
309,295,MLG,RODOVIARIA DE MILAGRES - BA /  R S SILVA,Kandango Parceiras,Ponto de Controle - 12,0,50,50,10,Não Informado,0.0,-,F,F,S,F,N,T,T,F,F,F,,-12.878656,-39.857324,0,2025-08-11 16:19:27,2025-09-17 15:27:02
305,291,MME,RODOVIARIA DE MAMANGUAPE - PB,Kandango Parceiras,Ponto de Controle - 12,0,50,50,10,Não Informado,0.0,-,F,F,S,F,N,T,F,F,F,F,,-6.836687,-35.123022,0,2025-08-11 16:10:11,2025-08-11 16:10:11
306,292,MMI,RODOVIARIA DE MANOEL EMIDIO - PI,Kandango Parceiras,Ponto de Controle - 12,0,50,50,10,Não Informado,0.0,-,F,F,S,F,N,T,F,F,F,F,,-8.006820,-43.872918,0,2025-08-11 16:11:28,2025-08-11 16:11:28
43,42,MOCC,RODOVIARIA MONTES CLAROS - MG ,Kandango Parceiras,Ponto de Controle - 12,0,50,70,10,Não Informado,0.0,-,F,F,S,F,N,T,T,F,F,F,,-16.742924,-43.868341,0,2023-09-20 15:38:22,2025-11-03 09:12:56
312,298,MOR,RODOVIARIA DE MORRINHOS - GO,Kandango Parceiras,Ponto de Controle - 12,0,50,50,10,Não Informado,0.0,-,F,F,S,F,N,T,F,F,F,F,,-17.734389,-49.101451,0,2025-08-11 16:27:07,2025-08-11 16:27:07
12,11,MOSSORO,RODOVIARIA MOSSORO - RN,Kandango Parceiras,Ponto de Controle - 12,0,50,70,10,Não Informado,0.0,-,F,F,S,F,N,T,T,F,F,F,,-5.185308,-37.373808,0,2023-09-20 13:48:35,2025-09-24 15:58:33
313,299,MRE,RODOVIARIA DE MURIAE - MG,Kandango Parceiras,Ponto de Controle - 12,0,50,50,10,Não Informado,0.0,-,F,F,S,F,N,T,F,F,F,F,,-21.128382,-42.370014,0,2025-08-11 16:28:17,2025-08-11 16:28:17
314,300,MRI,RODOVIARIA DE MURICI - AL,Kandango Parceiras,Ponto de Controle - 12,0,50,50,10,Não Informado,0.0,-,F,F,S,F,N,T,F,F,F,F,,-9.312580,-35.934361,0,2025-08-11 16:32:55,2025-08-11 16:32:55
402,385,NA BRASA,QUIPAPÁ - PE - POST. PETROBRAS / CHURR. NA BRASA,Kandango Parceiras,Local Não Autorizado - 42,0,50,50,10,Não Informado,0.0,-,F,F,N,F,N,T,F,F,F,F,,-9.898918,-36.440063,0,2025-09-01 09:13:23,2025-11-24 11:28:31
3,2,NAT,RODOVIARIA DE NATAL - RN,Kandango Parceiras,Ponto de Controle - 12,0,115,150,10,Não Informado,0.0,-,F,F,S,F,N,T,T,F,F,F,,-5.819507,-35.235140,0,2023-09-20 11:51:39,2025-09-24 16:03:52
318,304,NIU,RODOVIARIA DE NOVA IGUACU - RJ,Kandango Parceiras,Ponto de Controle - 12,0,50,50,10,Não Informado,0.0,-,F,F,S,F,N,T,F,F,F,F,,-22.757408,-43.455855,0,2025-08-11 16:41:43,2025-08-11 16:41:43
317,303,NOF,RODOVIARIA DE NOVA FRIBURGO - RJ,Kandango Parceiras,Ponto de Controle - 12,0,50,50,10,Não Informado,0.0,-,F,F,S,F,N,T,F,F,F,F,,-22.308355,-42.522535,0,2025-08-11 16:40:50,2025-08-11 16:40:50
440,415,Nona 3,Restaurante & Lanchonete da Nona - ORLANDIA - SP,Kandango Parceiras,Local Não Autorizado - 42,0,50,50,0,Não Informado,0.0,-,F,F,N,F,N,T,T,F,F,F,,-20.682077,-47.887633,0,2025-10-06 13:34:41,2026-03-24 13:31:12
455,422,NOSSO REST,RIACHÃO DAS NEVES - BA / REST. NOSSO RESTAURENTE,Kandango Parceiras,Local Não Autorizado - 42,0,35,35,5,Não Informado,0.0,-,F,F,N,F,N,T,F,F,F,F,,-11.745068,-44.900318,0,2025-10-08 11:03:38,2025-10-08 11:03:38
315,301,NRI,RODOVIARIA DE NITEROI - RJ,Kandango Parceiras,Ponto de Controle - 12,0,50,50,10,Não Informado,0.0,-,F,F,S,F,N,T,F,F,F,F,,-22.885286,-43.121766,0,2025-08-11 16:34:17,2025-08-11 16:34:17
316,302,NRO,RODOVIARIA DE NOSSA SENHORA DO SOCORRO - SE,Kandango Parceiras,Ponto de Controle - 12,0,50,50,10,Não Informado,0.0,-,F,F,S,F,N,T,F,F,F,F,,-10.847426,-37.064556,0,2025-08-11 16:37:12,2025-08-11 16:39:09
460,427,OF. SILVA,OFICINA SILVA EM TRINDADE GOIAS,Kandango Parceiras,Ponto de Fechamento - 1,0,100,100,30,Não Informado,0.0,-,F,F,N,F,N,T,F,F,F,F,,-16.631531,-49.418752,0,2025-10-16 16:32:10,2025-12-01 16:08:06
174,174,OLIVEIRA ,GRAAL OLIVEIRA - OLIVEIRA MG,Kandango Parceiras,Ponto de Controle - 12,0,200,200,0,Não Informado,0.0,-,F,F,N,F,N,T,T,F,F,F,,-20.691032,-44.745410,1,2024-10-24 16:16:05,2025-09-17 14:32:10
319,305,OLV,RODOVIARIA DE OLIVEIRA - MG,Kandango Parceiras,Ponto de Controle - 12,0,50,50,10,Não Informado,0.0,-,F,F,S,F,N,T,F,F,F,F,,-20.696669,-44.823070,0,2025-08-11 16:42:44,2025-08-11 16:42:56
320,306,ORL,RODOVIARIA DE ORLANDIA - SP,Kandango Parceiras,Ponto de Controle - 12,0,50,50,10,Não Informado,0.0,-,F,F,S,F,N,T,F,F,F,F,,-20.727080,-47.884590,0,2025-08-11 16:43:49,2025-08-11 16:43:49
321,307,OUI,RODOVIARIA DE OURICURI - PE,Kandango Parceiras,Ponto de Controle - 12,0,50,50,10,Não Informado,0.0,-,F,F,S,F,N,T,F,F,F,F,,-7.880217,-40.077923,0,2025-08-11 16:44:48,2025-08-11 16:44:48
386,370,P.GONCALO4,AMELIA RODRIGUES - BA - POSTO SÃO GONÇALO4,Kandango Parceiras,Ponto de Controle - 12,0,30,50,10,Não Informado,0.0,-,F,F,N,F,N,T,T,F,F,F,,-12.339437,-38.845468,0,2025-08-21 10:55:43,2025-09-17 09:24:51
63,63,PA-GARROTE,CHURRASCARIA GARROTE CRISTALINA,Kandango Parceiras,Ponto de Controle - 12,0,60,70,10,Não Informado,0.0,0,F,F,N,F,S,T,T,F,F,F,,-16.741380,-47.614512,1,2024-01-29 14:59:28,2025-09-17 11:11:32
75,75,PA-RECANTU,RESTAURANTE RECANTUS CRISTALINA ,Kandango Parceiras,Ponto de Controle - 12,0,35,45,10,Não Informado,0.0,-,F,F,N,F,N,T,T,F,F,F,,-16.566811,-47.790907,1,2024-09-23 14:21:32,2025-11-11 10:56:55
433,408,PAIS&FILHO,PANELAS - PE / REST.PAIS & FILHOS,Kandango Parceiras,Local Não Autorizado - 42,0,50,50,5,Não Informado,0.0,-,F,F,N,F,N,T,F,F,F,F,,-8.657535,-36.015115,0,2025-09-18 13:51:58,2025-09-18 13:51:58
74,74,PARACATU,RODOVIARIA DE PARACATU-MG,Kandango Parceiras,Ponto de Controle - 12,0,25,40,10,Não Informado,0.0,-,F,F,S,F,N,T,T,F,F,F,,-17.217375,-46.881648,1,2024-08-04 15:56:40,2025-09-24 11:14:46
147,147,PARAIBAO,REST CHURRASC PARAIBAO - PIRAPORA MG,Kandango Parceiras,Ponto de Controle - 12,0,200,200,0,Não Informado,0.0,-,F,F,N,F,N,T,T,F,F,F,,-17.346276,-44.904474,1,2024-10-17 11:27:17,2025-09-17 14:32:33
156,156,PATAGONIA,POSTO PATAGONIA 2 IRMAOS/ROD.  - BARRO - CE,Kandango Parceiras,Ponto de Controle - 12,0,80,80,0,Não Informado,0.0,-,F,F,S,F,N,T,F,F,F,F,,-7.181624,-38.781568,1,2024-10-22 14:01:47,2025-09-17 09:58:51
154,154,PAU FERRO,RODOVIARIA PAU DOS FERROS - RN,Kandango Parceiras,Ponto de Controle - 12,0,25,30,0,Não Informado,0.0,-,F,F,S,F,N,T,T,F,F,F,,-6.121196,-38.205428,1,2024-10-22 11:52:54,2025-09-24 11:48:02
335,321,PBL,RODOVIARIA DE POMBAL - PB,Kandango Parceiras,Ponto de Controle - 12,0,50,50,10,Não Informado,0.0,-,F,F,S,F,N,T,F,F,F,F,,-6.766075,-37.794399,0,2025-08-11 17:10:20,2025-08-11 17:10:20
82,82,PC LZA,RODOVIARIA DE LUIZILANDIA-MG,Kandango Parceiras,Ponto de Controle - 12,0,200,200,5,Não Informado,0.0,-,F,F,S,F,N,T,F,F,F,F,,-16.154420,-44.537842,1,2024-09-26 10:57:10,2025-04-02 17:29:19
13,12,PCMOS,POSTO CHIMARRAO 2 MOSSORO - RN ,Kandango Parceiras,Ponto de Controle - 12,0,20,20,10,Não Informado,0.0,-,F,F,N,F,N,T,T,F,F,F,,-5.225592,-37.332430,0,2023-09-20 13:56:32,2025-09-17 14:37:56
329,315,PCR,RODOVIARIA DE PIRACURUCA - PI,Kandango Parceiras,Ponto de Controle - 12,0,50,50,10,Não Informado,0.0,-,F,F,S,F,N,T,F,F,F,F,,-3.935220,-41.710835,0,2025-08-11 16:57:28,2025-08-11 16:57:28
322,308,PDP,RODOVIARIA DE PADRE PARAISO - MG,Kandango Parceiras,Ponto de Controle - 12,0,50,50,10,Não Informado,0.0,-,F,F,S,F,N,T,F,F,F,F,,-17.078029,-41.486112,0,2025-08-11 16:45:53,2025-08-11 16:45:53
328,314,PDS,RODOVIARIA DE PERDOES - MG,Kandango Parceiras,Ponto de Controle - 12,0,50,50,10,Não Informado,0.0,-,F,F,S,F,N,T,F,F,F,F,,-21.104838,-45.091088,0,2025-08-11 16:56:32,2025-08-11 16:56:32
323,309,PES,RODOVIARIA DE PANELAS - PE,Kandango Parceiras,Ponto de Controle - 12,0,50,50,10,Não Informado,0.0,-,F,F,S,F,N,T,F,F,F,F,,-8.663755,-36.009186,0,2025-08-11 16:47:32,2025-08-11 16:47:32
187,187,PETROBRAS ,CAMPIONORTE - GO / POSTO PETROBRAS ,Kandango Parceiras,Local Não Autorizado - 42,0,30,30,5,Não Informado,0.0,-,F,F,N,F,N,T,F,F,F,F,,-14.314727,-49.150582,1,2025-06-16 14:50:41,2025-09-17 15:02:13
161,161,PETROLINA,RODOVIARIA DE PETROLINA-PE,Kandango Parceiras,Ponto de Controle - 12,0,50,70,0,Não Informado,0.0,-,F,F,S,F,N,T,F,F,F,F,,-9.392158,-40.508973,1,2024-10-24 09:08:33,2025-09-24 11:22:51
325,311,PHB,RODOVIARIA DE PARNAIBA - PI,Kandango Parceiras,Ponto de Controle - 12,0,50,50,10,Não Informado,0.0,-,F,F,S,F,N,T,F,F,F,F,,-2.928134,-41.753214,0,2025-08-11 16:49:51,2025-08-11 16:49:51
177,177,PICA PAU ,REST. PICA PAU - STA CRUZ DA CONCEIÇÃO,Kandango Parceiras,Ponto de Controle - 12,0,100,100,0,Não Informado,0.0,-,F,F,N,F,N,T,T,F,F,F,,-22.079404,-47.423381,1,2024-11-18 09:59:51,2025-09-17 11:10:01
414,390,PICA PAU2,POSTO PICA PAU,Kandango Parceiras,Ponto de Controle - 12,0,60,100,10,Não Informado,0.0,-,F,F,N,F,N,T,T,F,F,F,,-22.150184,-47.400529,0,2025-09-03 11:14:01,2025-10-15 13:08:44
56,55,PIEB,CHURRASCARIA PORTAL DO SOL ITABERABA - BA ,Kandango Parceiras,Ponto de Controle - 12,0,30,30,10,Não Informado,0.0,-,F,F,S,F,N,T,T,F,F,F,,-12.510607,-40.310588,0,2023-09-20 16:21:39,2025-09-24 11:41:49
326,312,PIM,RODOVIARIA DE PARNAMIRIM - PE,Kandango Parceiras,Ponto de Controle - 12,0,50,50,10,Não Informado,0.0,-,F,F,S,F,N,T,F,F,F,F,,-8.090413,-39.575720,0,2025-08-11 16:51:16,2025-08-11 16:51:16
330,316,PIP,RODOVIARIA DE PIRIPIRI - PI,Kandango Parceiras,Ponto de Controle - 12,0,50,50,10,Não Informado,0.0,-,F,F,S,F,N,T,F,F,F,F,,-4.272660,-41.770846,0,2025-08-11 16:58:52,2025-08-11 16:58:52
170,170,PIRASSUNUN,RODOVIARIA DE PIRASSUNUNGA-SP,Kandango Parceiras,Ponto de Controle - 12,0,200,200,0,Não Informado,0.0,-,F,F,S,F,N,T,F,F,F,F,,-21.996264,-47.431030,1,2024-10-24 10:55:58,2025-04-02 17:30:48
324,310,PIT,RODOVIARIA DE PARAISO DO TOCANTINS - TO,Kandango Parceiras,Ponto de Controle - 12,0,50,50,10,Não Informado,0.0,-,F,F,S,F,N,T,F,F,F,F,,-10.168870,-48.884400,0,2025-08-11 16:48:28,2025-08-11 16:48:28
334,320,PJC,RODOVIARIA DE POJUCA - BA,Kandango Parceiras,Ponto de Controle - 12,0,50,50,10,Não Informado,0.0,-,F,F,S,F,N,T,F,F,F,F,,-12.427438,-38.327629,0,2025-08-11 17:09:09,2025-08-11 17:09:09
333,319,PLT,RODOVIARIA DE PLANALTO - BA,Kandango Parceiras,Ponto de Controle - 12,0,100,100,10,Não Informado,0.0,-,F,F,S,F,N,T,F,F,F,F,,-14.671935,-40.481003,0,2025-08-11 17:04:42,2025-08-11 17:04:42
435,410,PO MAGNOLI,POSTO MAGNOLIA,Kandango Parceiras,Local Não Autorizado - 42,0,50,50,0,Não Informado,0.0,-,F,F,N,F,N,T,F,F,F,F,,-5.124736,-42.797605,1,2025-09-19 13:12:25,2025-09-19 13:12:25
53,52,POCOES,RODOVIARIA POÇOES - BA ,Kandango Parceiras,Ponto de Controle - 12,0,30,30,10,Não Informado,0.0,-,F,F,S,F,N,T,T,F,F,F,,-14.524474,-40.376474,0,2023-09-20 16:11:06,2025-09-23 10:23:25
106,106,PORTO ROSA,POSTO ROSARIO DIVISA,Kandango Parceiras,Ponto de Controle - 12,0,110,110,5,Não Informado,0.0,-,F,F,N,F,N,T,T,F,F,F,,-13.953017,-46.198667,1,2024-10-15 09:56:42,2025-09-17 14:41:56
430,405,POS RIBEIR,POSTO RIBEIRAO -SP,Kandango Parceiras,Local Não Autorizado - 42,0,50,50,0,Não Informado,0.0,-,F,F,N,F,N,T,F,F,F,F,,-21.103042,-47.788333,0,2025-09-18 10:19:15,2025-09-18 10:19:15
462,429,POST PRA,SÃO DESIDÉRIO - BA / POSTO PETOBRAS,Kandango Parceiras,Local Não Autorizado - 42,0,50,50,0,Não Informado,0.0,-,F,F,N,F,N,T,F,F,F,F,,-13.011663,-45.998940,0,2025-10-21 17:34:22,2025-10-21 17:34:22
461,428,POST.SHEL,JACOBINA - BA / POSTO SHELL,Kandango Parceiras,Local Não Autorizado - 42,0,50,50,0,Não Informado,0.0,-,F,F,N,F,N,T,F,F,F,F,,-11.157802,-40.561972,0,2025-10-21 17:04:43,2025-10-21 17:04:43
468,435,POSTO 020,POSTO 020 - LUIS EDUARDO MAGALHAES - BA,Kandango Parceiras,Local Não Autorizado - 42,0,70,100,0,Não Informado,0.0,-,F,F,N,F,N,T,F,F,F,F,,-12.139868,-45.816985,1,2025-11-06 15:24:20,2025-11-06 15:24:20
478,444,POSTO COR,POSTO PRECISO,Kandango Parceiras,Ponto de Controle - 12,0,50,50,0,Não Informado,0.0,-,F,F,N,F,N,T,T,F,F,F,,-13.351310,-44.642268,1,2026-04-07 10:24:17,2026-04-07 10:24:17
473,440,POSTO REVI,POSTO REVISE - NATAL RN,Kandango Parceiras,Ponto de Controle - 12,0,50,50,10,Não Informado,0.0,-,F,F,N,F,N,T,T,F,F,F,,-5.822875,-35.229972,0,2026-01-26 10:04:23,2026-01-26 10:04:23
385,369,POSTO SHEL,PORÇÕES - BA - POSTO SHELL,Kandango Parceiras,Local Não Autorizado - 42,0,80,80,10,Não Informado,0.0,-,F,F,N,F,N,T,F,F,F,F,,-14.527419,-40.378903,0,2025-08-21 10:31:57,2025-10-09 09:18:04
69,69,POSTO UNIÃ,PORÇÕES - BA - POSTO UNIÃO,Kandango Parceiras,Local Não Autorizado - 42,0,200,200,80,Não Informado,0.0,-,F,F,N,F,N,T,F,F,F,F,,-16.262960,-42.583636,0,2024-04-19 16:56:11,2025-10-10 11:36:00
381,365,POTIGUAR ,JEQUIÉ - BA - POSTO POTIGUAR,Kandango Parceiras,Ponto de Controle - 12,0,50,50,10,Não Informado,0.0,-,F,F,N,F,N,T,F,F,F,F,,-13.860441,-40.112577,0,2025-08-18 14:33:28,2025-09-17 15:58:10
339,325,POTM,RODOVIARIA DE POTIM - SP,Kandango Parceiras,Ponto de Controle - 12,0,50,50,10,Não Informado,0.0,-,F,F,S,F,N,T,F,F,F,F,,-22.842467,-45.230899,0,2025-08-12 08:09:16,2025-08-12 08:09:16
336,322,POVS,RODOVIARIA DE PONTO DOS VOLANTES - MG,Kandango Parceiras,Ponto de Controle - 12,0,50,50,10,Não Informado,0.0,-,F,F,S,F,N,T,F,F,F,F,,-16.722902,-41.504767,0,2025-08-11 17:13:07,2025-08-11 17:13:07
22,21,PPPMS,POSTO PICHILAU PIONEIRO-AL,Kandango Parceiras,Ponto de Controle - 12,0,100,100,10,Não Informado,0.0,-,F,F,N,F,N,T,T,F,F,F,,-9.409356,-35.839622,0,2023-09-20 14:31:45,2025-09-17 14:49:03
97,97,PRES PGT,RESTAURANTE POSTO PRESIDENTE ,Kandango Parceiras,Ponto de Controle - 12,0,70,90,0,Não Informado,0.0,-,F,F,N,F,N,T,T,F,F,F,,-13.451589,-49.136058,1,2024-10-14 14:16:43,2025-09-17 14:49:26
331,317,PRI,RODOVIARIA DE PIRITIBA - BA,Kandango Parceiras,Ponto de Controle - 12,0,50,50,10,Não Informado,0.0,-,F,F,S,F,N,T,F,F,F,F,,-11.733690,-40.559717,0,2025-08-11 17:02:28,2025-08-11 17:02:28
340,326,PSA,RODOVIARIA DE POUSO ALEGRE - MG,Kandango Parceiras,Ponto de Controle - 12,0,50,50,10,Não Informado,0.0,-,F,F,S,F,N,T,F,F,F,F,,-22.236580,-45.935645,0,2025-08-12 08:12:31,2025-08-12 08:12:31
52,51,PSJ,POSTO JAVI MUQUEM DE SAO FRANCISCO - BA,Kandango Parceiras,Ponto de Controle - 12,0,50,50,10,Não Informado,0.0,-,F,F,N,F,N,T,T,F,F,F,,-12.199688,-43.676495,0,2023-09-20 16:10:44,2025-09-17 15:04:23
471,438,PST. GUARA,SEABRA - BA / POSTO GUARANI ,Kandango Parceiras,Local Não Autorizado - 42,0,50,50,0,Não Informado,0.0,-,F,F,N,F,N,T,F,F,F,F,,-12.418748,-41.842225,0,2025-12-03 11:11:34,2025-12-03 11:11:34
456,423,PT TOTAL E,CRISTIANOPOLIS - GO / POSTO TOTAL ENERGIES,Kandango Parceiras,Local Não Autorizado - 42,0,45,45,5,Não Informado,0.0,-,F,F,N,F,N,T,F,F,F,F,,-17.191590,-48.715786,0,2025-10-08 11:32:24,2025-10-08 11:32:24
337,323,PTF,RODOVIARIA DE PORTO FERREIRA - SP,Kandango Parceiras,Ponto de Controle - 12,0,50,50,10,Não Informado,0.0,-,F,F,S,F,N,T,F,F,F,F,,-21.857890,-47.487549,0,2025-08-11 17:14:19,2025-08-11 17:14:19
33,32,PTRO,RODOVIARIA PATROCIONIO - MG ,Kandango Parceiras,Ponto de Controle - 12,0,40,50,10,Não Informado,0.0,-,F,F,S,F,N,T,T,F,F,F,,-18.928163,-47.000679,0,2023-09-20 15:04:01,2025-09-24 13:14:44
332,318,PWL,RODOVIARIA DE PLANALTINA - GO,Kandango Parceiras,Ponto de Controle - 12,0,50,50,10,Não Informado,0.0,-,F,F,S,F,N,T,F,F,F,F,,-15.434881,-47.610828,0,2025-08-11 17:03:24,2025-08-11 17:03:24
327,313,PWM,RODOVIARIA DE PARNAMIRIM - RN,Kandango Parceiras,Ponto de Controle - 12,0,50,50,10,Não Informado,0.0,-,F,F,S,F,N,T,F,F,F,F,,-5.889936,-35.192387,0,2025-08-11 16:54:51,2025-08-11 16:54:51
342,328,QPA,RODOVIARIA DE QUIPAPA - PE,Kandango Parceiras,Ponto de Controle - 12,0,50,50,10,Não Informado,0.0,-,F,F,S,F,N,T,F,F,F,F,,-8.826607,-36.011699,0,2025-08-12 08:26:43,2025-08-12 08:26:43
36,35,RD-AVN,RODOVIARIA DE ALVORADA DO NORTE - GO,Kandango Parceiras,Ponto de Controle - 12,0,50,50,10,Não Informado,0.0,-,F,F,S,F,N,T,F,F,F,F,,-14.487983,-46.497139,0,2023-09-20 15:13:48,2025-09-17 09:12:57
18,17,RD. PPI,PROPRIA - SE / ROD. CHURR. GRUPO DOIS IRMAOS,Kandango Parceiras,Ponto de Controle - 12,0,30,50,10,Não Informado,0.0,-,F,F,N,F,N,T,T,F,F,F,,-10.228437,-36.837949,0,2023-09-20 14:16:22,2025-12-03 13:28:18
9,8,REC,RODOVIARIA RECIFE-PE,Kandango Parceiras,Ponto de Controle - 12,0,110,150,10,Não Informado,0.0,-,F,F,S,F,N,T,T,F,F,F,,-8.064496,-34.981926,0,2023-09-20 12:31:21,2025-09-24 10:54:33
439,414,REDENCAO ,REST. REDENCAO - REDENCAO DO GURGUEIA - PI,Kandango Parceiras,Local Não Autorizado - 42,0,50,50,0,Não Informado,0.0,-,F,F,N,F,N,T,F,F,F,F,,-9.463150,-44.598658,0,2025-10-06 11:37:45,2025-10-06 11:37:45
343,329,REDG,RODOVIARIA DE REDENCAO DO GURGUEIA - PI,Kandango Parceiras,Ponto de Controle - 12,0,50,50,10,Não Informado,0.0,-,F,F,S,F,N,T,F,F,F,F,,-9.490017,-44.585733,0,2025-08-12 08:28:14,2025-08-12 08:28:14
344,330,RES,RODOVIARIA DE RESENDE - RJ,Kandango Parceiras,Ponto de Controle - 12,0,50,50,10,Não Informado,0.0,-,F,F,S,F,N,T,F,F,F,F,,-22.459800,-44.439310,0,2025-08-12 08:29:24,2025-08-12 08:29:24
432,407,RES JEQUIT,POSTO E RESTAURANTE JEQUITAI,Kandango Parceiras,Local Não Autorizado - 42,0,100,60,0,Não Informado,0.0,-,F,F,N,F,N,T,F,F,F,F,,-17.194517,-44.433295,0,2025-09-18 10:51:04,2025-09-18 10:51:04
431,406,RES PAIS,RESTAURANTE PAIS E FILHOS - PE,Kandango Parceiras,Local Não Autorizado - 42,0,30,50,0,Não Informado,0.0,-,F,F,N,F,N,T,F,F,F,F,,-8.657539,-36.014972,1,2025-09-18 10:29:17,2025-09-18 10:29:17
434,409,RES S.RITA,RESTAURANTE E LANHONETE SANTA RITA,Kandango Parceiras,Local Não Autorizado - 42,0,60,130,0,Não Informado,0.0,-,F,F,N,F,N,T,F,F,F,F,,-20.643783,-47.880012,1,2025-09-18 17:32:01,2025-10-13 16:16:13
99,99,RESJARAGUA,CHURRASCARIA ESTRELA DO SUL 1,Kandango Parceiras,Ponto de Controle - 12,0,50,70,5,Não Informado,0.0,-,F,F,N,F,N,T,T,F,F,F,,-15.758920,-49.314092,1,2024-10-14 16:21:43,2025-09-17 15:06:58
123,123,REST 040,LUIZILANDIA - MG / RESTAURANTE E HOTEL 040,Kandango Parceiras,Ponto de Controle - 12,0,50,70,0,Não Informado,0.0,0,F,F,S,F,N,T,F,F,F,F,,-17.985218,-45.609892,1,2024-10-15 12:56:12,2025-09-29 13:31:24
131,131,REST BLG,RESTAURANTE BOM LUGAR - FLORIANO PI,Kandango Parceiras,Ponto de Controle - 12,0,110,150,0,Não Informado,0.0,-,F,F,N,F,S,T,T,F,F,F,,-6.789746,-42.987237,1,2024-10-15 14:59:30,2025-09-17 11:26:54
98,98,REST CBLVT,REST CHURRASCARIA BELA VISTA ,Kandango Parceiras,Ponto de Controle - 12,0,40,70,0,Não Informado,0.0,-,F,F,N,F,N,T,T,F,F,F,,-14.476736,-49.155632,1,2024-10-14 14:20:17,2025-09-17 10:17:07
119,119,REST MAQNE,RESTAURANTE CABANA DO MAQUINE CAETANOPOLIS MG,Kandango Parceiras,Ponto de Controle - 12,0,50,50,0,Não Informado,0.0,-,F,F,S,F,N,T,T,F,F,F,,-19.301940,-44.378469,1,2024-10-15 12:41:04,2025-09-17 10:11:00
144,144,REST MENEG,RESTAURANTE MENEGON - ARAGUARI MG,Kandango Parceiras,Ponto de Controle - 12,0,50,70,0,Não Informado,0.0,-,F,F,N,F,N,T,T,F,F,F,,-18.680533,-48.179424,1,2024-10-16 15:22:25,2025-09-17 15:07:21
140,140,REST RARA,REST RARA COXINHA - PEDRA DE FOGO PB,Kandango Parceiras,Ponto de Controle - 12,0,50,70,0,Não Informado,0.0,-,F,F,N,F,N,T,T,F,F,F,,-7.395297,-34.956333,1,2024-10-16 14:50:16,2025-09-17 15:07:42
142,142,REST SEABR,REST E POUSADA SEABRA,Kandango Parceiras,Ponto de Controle - 12,0,40,70,0,Não Informado,0.0,-,F,F,N,F,N,T,T,F,F,F,,-12.427702,-41.772935,1,2024-10-16 15:08:11,2025-09-24 10:03:21
141,141,REST SVIC,RESTAURANTE VILA SAO VICENTE - SANTO ESTEVAO,Kandango Parceiras,Ponto de Controle - 12,0,70,70,0,Não Informado,0.0,-,F,F,N,F,N,T,T,F,F,F,,-12.444414,-39.236825,1,2024-10-16 15:03:10,2025-09-17 15:08:51
205,202,REST.COPER,JEQUIÉ - BA - REST. COPERTAI ,Kandango Parceiras,Local Não Autorizado - 42,0,50,50,10,Não Informado,0.0,-,F,F,N,F,N,T,F,F,F,F,,-13.857024,-40.114005,0,2025-08-06 15:36:54,2025-09-17 15:58:39
103,103,REST.GAUCH,CHURRASCARIA DO GAUCHO - ALIANÇA TO,Kandango Parceiras,Ponto de Controle - 12,0,70,70,5,Não Informado,0.0,-,F,F,N,F,N,T,T,F,F,F,,-11.311936,-48.942794,1,2024-10-14 17:55:20,2025-10-24 10:08:10
120,120,REST.OASIS,RESTAURANTE OASIS CAETANOPOLIS MG,Kandango Parceiras,Ponto de Controle - 12,0,50,70,0,Não Informado,0.0,0,F,F,N,F,N,T,T,F,F,F,,-19.300526,-44.379322,1,2024-10-15 12:43:38,2025-09-17 10:09:09
206,203,REST.PRIME,SANTA MARIA DA VITOR-BA / REST. E LANCHONETE PRIME,Kandango Parceiras,Ponto de Controle - 12,0,50,100,10,Não Informado,0.0,-,F,F,N,F,N,T,T,F,F,F,,-13.387384,-44.204838,0,2025-08-07 08:31:11,2025-09-29 08:56:52
204,201,REST.RIVAL,PATOS DE MINAS - MG - REST. RIVALCINO,Kandango Parceiras,Local Não Autorizado - 42,0,25,20,10,Não Informado,0.0,-,F,F,N,F,N,T,F,F,F,F,,-18.631488,-46.430592,0,2025-08-06 15:34:38,2025-09-17 15:59:12
25,24,RIB ,RODOVIARIA RIBEIRAO PRETO - SP ,Kandango Parceiras,Ponto de Controle - 12,0,110,80,10,Não Informado,0.0,-,F,F,S,F,N,T,F,F,F,F,,-21.173927,-47.814647,0,2023-09-20 14:41:33,2025-09-17 08:50:26
346,332,RIO,RODOVIARIA DE RIO DE JANEIRO - RJ,Kandango Parceiras,Ponto de Controle - 12,0,100,100,10,Não Informado,0.0,-,F,F,S,F,N,T,F,F,F,F,,-22.899330,-43.208760,0,2025-08-12 08:34:43,2025-08-12 08:34:43
345,331,RMA,RODOVIARIA DE RIALMA - GO,Kandango Parceiras,Ponto de Controle - 12,0,50,50,10,Não Informado,0.0,-,F,F,S,F,N,T,F,F,F,F,,-15.316149,-49.581807,0,2025-08-12 08:30:30,2025-08-12 08:30:30
101,101,ROD,RODOVIARIA DE PLANALTINA - DF ,Kandango Parceiras,Ponto de Controle - 12,0,70,70,0,Não Informado,0.0,-,F,F,S,F,N,T,F,F,F,F,,-15.618378,-47.654241,1,2024-10-14 16:57:28,2025-09-17 10:58:09
244,241,ROD - CBI,RODOVIARIA DE CAMBUI - MG,Kandango Parceiras,Ponto de Controle - 12,0,35,35,10,Não Informado,0.0,-,F,F,S,F,N,T,F,F,F,F,,-22.607471,-46.058056,0,2025-08-11 14:08:42,2025-09-17 17:04:09
122,122,ROD 3MAR,RODOVIARIA DE TRES MARIAS ,Kandango Parceiras,Ponto de Controle - 12,0,50,70,0,Não Informado,0.0,0,F,F,S,F,N,T,F,F,F,F,,-18.202345,-45.232837,1,2024-10-15 12:49:01,2025-09-17 09:11:49
118,118,ROD 7LG,RODOVIARIA DE SETE LAGOAS ,Kandango Parceiras,Ponto de Controle - 12,0,70,70,0,Não Informado,0.0,0,F,F,S,F,N,T,F,F,F,F,,-19.467503,-44.244154,1,2024-10-15 12:33:45,2025-09-17 09:14:21
93,93,ROD ALIA,RODOVIARIA DE ALIANÇA TO,Kandango Parceiras,Ponto de Controle - 12,0,50,70,5,Não Informado,0.0,-,F,F,S,F,N,T,F,F,F,F,,-11.305383,-48.940079,1,2024-10-14 14:04:17,2024-10-14 14:04:17
146,146,ROD ARAPIR,RODOVIARIA DE ARAPIRACA-AL,Kandango Parceiras,Ponto de Controle - 12,0,70,90,0,Não Informado,0.0,-,F,F,S,F,N,T,F,F,F,F,,-9.758106,-36.645734,1,2024-10-17 10:28:18,2024-10-17 10:31:16
83,83,ROD BHZ,RODOVIARIA DE BELO HORIZONTE - MG,Kandango Parceiras,Ponto de Controle - 12,0,90,90,0,Não Informado,0.0,0,F,F,S,F,N,T,F,F,F,F,,-19.913862,-43.941897,1,2024-09-26 16:56:39,2025-09-17 09:13:58
139,139,ROD CANG,RODOVIARIA DE CANGUARETAMA-RN,Kandango Parceiras,Ponto de Controle - 12,0,50,70,0,Não Informado,0.0,-,F,F,S,F,N,T,F,F,F,F,,-6.380509,-35.128309,1,2024-10-16 14:41:45,2024-10-16 14:41:45
113,113,ROD COX,RODOVIARIA DE COCOS BA,Kandango Parceiras,Ponto de Controle - 12,0,30,50,5,Não Informado,0.0,-,F,F,S,F,N,T,F,F,F,F,,-14.182152,-44.537091,1,2024-10-15 11:10:20,2025-09-17 10:58:59
87,87,ROD CPNT,RODOVIARIA DE CAMPINORTE ,Kandango Parceiras,Ponto de Controle - 12,0,60,80,5,Não Informado,0.0,-,F,F,S,F,N,T,F,F,F,F,,-14.319642,-49.155332,1,2024-10-14 13:43:47,2024-10-14 13:43:47
114,114,ROD CRB,RODOVIARIA DE CORIBE BA,Kandango Parceiras,Ponto de Controle - 12,0,50,70,5,Não Informado,0.0,-,F,F,S,F,N,T,F,F,F,F,,-13.821786,-44.470430,1,2024-10-15 11:12:23,2024-10-15 11:12:23
132,132,ROD CRT,RODOVIARIA DE CORRENTE-PI,Kandango Parceiras,Ponto de Controle - 12,0,50,70,0,Não Informado,0.0,-,F,F,S,F,N,T,F,F,F,F,,-10.432319,-45.162335,1,2024-10-15 15:48:46,2025-09-17 11:03:53
107,107,ROD CRTNA,RODOVIARIA DE CORRENTINA BA,Kandango Parceiras,Ponto de Controle - 12,0,15,70,5,Não Informado,0.0,-,F,F,S,F,N,T,F,F,F,F,,-13.346060,-44.638270,1,2024-10-15 10:01:53,2025-09-17 11:05:04
121,121,ROD CURV,RODOVIARIA DE CURVELO MG,Kandango Parceiras,Ponto de Controle - 12,0,70,90,0,Não Informado,0.0,-,F,F,S,F,N,T,F,F,F,F,,-18.760699,-44.427402,1,2024-10-15 12:46:29,2024-10-15 12:46:29
91,91,ROD FIG,RODOVIARIA DE FIGUEIROPOLIS,Kandango Parceiras,Ponto de Controle - 12,0,50,70,5,Não Informado,0.0,-,F,F,S,F,N,T,F,F,F,F,,-12.139063,-49.170567,1,2024-10-14 13:58:18,2024-10-14 13:58:18
127,127,ROD FLOR,RODOVIARIA FLORIANO PI,Kandango Parceiras,Ponto de Controle - 12,0,70,90,0,Não Informado,0.0,-,F,F,S,F,N,T,F,F,F,F,,-6.786650,-42.992153,1,2024-10-15 14:18:31,2025-09-17 11:27:33
134,134,ROD FPRETO,RODOVIARIA FORMOSA DO RIO PRETO BA,Kandango Parceiras,Ponto de Controle - 12,0,50,100,0,Não Informado,0.0,-,F,F,S,F,N,T,F,F,F,F,,-11.047733,-45.204948,1,2024-10-15 16:19:26,2025-09-17 11:37:54
27,26,ROD FST,RODOVIARIA FEIRA DE SANTANA - BA,Kandango Parceiras,Ponto de Controle - 12,0,70,70,10,Não Informado,0.0,-,F,F,S,F,N,T,F,F,F,F,,-12.259505,-38.958000,0,2023-09-20 14:47:09,2025-09-18 08:55:35
92,92,ROD GRP,RODOVIARIA DE GURUPI,Kandango Parceiras,Ponto de Controle - 12,0,50,70,5,Não Informado,0.0,-,F,F,S,F,N,T,F,F,F,F,,-11.736492,-49.068751,1,2024-10-14 14:00:59,2024-10-14 14:00:59
186,186,ROD GUA,RODOVIARIA DO GUARÁ ,Kandango Parceiras,Ponto de Controle - 12,0,80,80,5,BARREIRAS(BA),0.0,-,F,F,N,F,N,T,T,F,F,F,,-15.835045,-47.978958,1,2025-06-16 09:36:53,2025-09-17 15:18:32
72,72,ROD ITC,RODOVIARIA DE ITACARAMBI MG,Kandango Parceiras,Ponto de Controle - 12,0,65,65,0,Não Informado,0.0,-,F,F,S,F,N,T,F,F,F,F,,-15.104269,-44.095356,0,2024-07-31 14:10:53,2024-10-15 18:14:05
115,115,ROD JBRD,RODOVIARIA DE JABORANDI BA,Kandango Parceiras,Ponto de Controle - 12,0,50,70,5,Não Informado,0.0,-,F,F,S,F,N,T,F,F,F,F,,-13.616143,-44.478267,1,2024-10-15 11:14:50,2024-10-15 11:14:50
77,77,ROD JNA,RODOVIARIA DE JANUARIA  - MG ,Kandango Parceiras,Ponto de Controle - 12,0,50,70,5,Não Informado,0.0,-,F,F,S,F,N,T,F,F,F,F,,-15.478391,-44.368789,1,2024-09-26 09:53:07,2025-04-09 15:37:04
138,138,ROD JPIN,RODOVIARIA DE JOAO PINHEIRO MG,Kandango Parceiras,Ponto de Controle - 12,0,50,70,0,Não Informado,0.0,-,F,F,S,F,N,T,T,F,F,F,,-17.740824,-46.175876,1,2024-10-16 10:28:13,2025-09-24 14:02:10
79,79,ROD LOT,RODOVIARIA DE LONTRA - MG ,Kandango Parceiras,Ponto de Controle - 12,0,50,70,5,Não Informado,0.0,-,F,F,S,F,N,T,F,F,F,F,,-15.904598,-44.301403,1,2024-09-26 10:21:27,2025-04-09 15:37:13
185,185,ROD MDC,RODOVIARIA MORRO DO CHAPEU - BA,Kandango Parceiras,Ponto de Controle - 12,0,50,50,5,Não Informado,0.0,-,F,F,S,F,N,T,F,F,F,F,,-11.548633,-41.159465,1,2025-04-17 15:41:22,2025-04-17 15:41:22
81,81,ROD MIR,RODOVIARIA DE MIRABELA-MG,Kandango Parceiras,Ponto de Controle - 12,0,50,70,5,Não Informado,0.0,-,F,F,S,F,N,T,F,F,F,F,,-16.255530,-44.165338,1,2024-09-26 10:46:57,2024-09-26 10:46:57
35,34,ROD PATOS,RODOVIARIA PATOS DE MINAS - MG ,Kandango Parceiras,Ponto de Controle - 12,0,50,60,10,Não Informado,0.0,-,F,F,S,F,N,T,T,F,F,F,,-18.604290,-46.520074,0,2023-09-20 15:12:54,2025-10-08 10:45:56
88,88,ROD PGTU,RODOVIARIA DE PORANGATU,Kandango Parceiras,Ponto de Controle - 12,0,50,70,5,Não Informado,0.0,-,F,F,S,F,N,T,F,F,F,F,,-13.445386,-49.138409,1,2024-10-14 13:46:18,2024-10-14 13:46:18
96,96,ROD PLM,RODOVIARIA DE PALMAS,Kandango Parceiras,Ponto de Controle - 12,0,70,90,5,Não Informado,0.0,-,F,F,S,F,N,T,F,F,F,F,,-10.256785,-48.312936,1,2024-10-14 14:13:35,2024-10-14 14:13:35
78,78,ROD PMC ,RODOVIARIA DE PEDRAS DE MARIA DA CRUZ - MG ,Kandango Parceiras,Ponto de Controle - 12,0,50,70,5,Não Informado,0.0,-,F,F,S,F,N,T,F,F,F,F,,-15.606560,-44.391923,1,2024-09-26 10:11:26,2025-04-09 15:37:34
95,95,ROD PNAC,RODOVIARIA DE PORTO NACIONAL ,Kandango Parceiras,Ponto de Controle - 12,0,60,80,5,Não Informado,0.0,-,F,F,S,F,N,T,F,F,F,F,,-10.728438,-48.409050,1,2024-10-14 14:10:19,2024-10-14 14:10:19
176,176,ROD PRE,RODOVIARIA DE PALMARES-PE,Kandango Parceiras,Ponto de Controle - 12,0,50,50,5,Não Informado,0.0,-,F,F,S,F,N,T,F,F,F,F,,-8.681554,-35.584712,1,2024-11-04 14:55:22,2025-04-09 15:37:46
15,14,ROD PRR,RODOVIARIA PIRAPORA - MG ,Kandango Parceiras,Ponto de Controle - 12,0,20,20,10,Não Informado,0.0,-,F,F,N,F,N,T,T,F,F,F,,-17.347803,-44.944752,0,2023-09-20 14:09:24,2025-09-17 15:19:14
133,133,ROD RCHAO,RODOVIARIA RIACHAO DAS NEVES BA,Kandango Parceiras,Ponto de Controle - 12,0,50,70,0,Não Informado,0.0,-,F,F,S,F,N,T,F,F,F,F,,-11.753050,-44.913774,1,2024-10-15 15:51:19,2025-09-17 11:34:54
128,128,ROD REGEN,RODOVIARIA DE REGENERAÇÃO PI,Kandango Parceiras,Ponto de Controle - 12,0,50,70,0,Não Informado,0.0,-,F,F,S,F,N,T,F,F,F,F,,-6.228901,-42.686139,1,2024-10-15 14:20:56,2024-10-15 14:20:56
109,109,ROD SANTNA,RODOVIARIA DE SANTANA BA,Kandango Parceiras,Ponto de Controle - 12,0,50,70,5,Não Informado,0.0,-,F,F,S,F,N,T,F,F,F,F,,-12.982114,-44.056376,1,2024-10-15 10:05:48,2024-10-15 10:05:48
108,108,ROD SMVT,RODOVIARIA DE STA MARIA DA VITORIA,Kandango Parceiras,Ponto de Controle - 12,0,50,70,5,Não Informado,0.0,-,F,F,S,F,N,T,F,F,F,F,,-13.387351,-44.205785,1,2024-10-15 10:03:43,2024-10-15 10:03:43
102,102,ROD SOB,RODOVIARIA DE SOBRADINHO - DF ,Kandango Parceiras,Ponto de Controle - 12,0,70,70,0,Não Informado,0.0,-,F,F,S,F,N,T,F,F,F,F,,-15.649940,-47.786154,1,2024-10-14 17:28:42,2025-09-17 11:01:44
110,110,ROD TABOC,RODOVIARIA DE TABOCAS DO BREJO BA,Kandango Parceiras,Ponto de Controle - 12,0,50,70,5,Não Informado,0.0,-,F,F,S,F,N,T,F,F,F,F,,-12.704462,-44.008500,1,2024-10-15 10:08:40,2024-10-15 10:08:40
129,129,ROD THE,RODOVIARIA DE TERESINA ,Kandango Parceiras,Ponto de Controle - 12,0,70,90,0,Não Informado,0.0,-,F,F,S,F,N,T,F,F,F,F,,-5.119211,-42.784594,1,2024-10-15 14:26:11,2025-09-18 13:13:20
89,89,ROD TLM,RODOVIARIA DE TALISMA ,Kandango Parceiras,Ponto de Controle - 12,0,50,70,5,Não Informado,0.0,-,F,F,S,F,N,T,F,F,F,F,,-12.804930,-49.095791,1,2024-10-14 13:51:36,2024-10-14 13:51:36
86,86,ROD URU,RODOVIARIA DE URUAÇU,Kandango Parceiras,Ponto de Controle - 12,0,50,70,5,Não Informado,0.0,-,F,F,S,F,N,T,F,F,F,F,,-14.533076,-49.150562,1,2024-10-14 13:40:10,2024-10-14 13:40:10
85,85,ROD VALP,RODOVIARIA DE VALPARAISO GO,Kandango Parceiras,Ponto de Controle - 12,0,70,70,5,Não Informado,0.0,-,F,F,S,F,N,T,F,F,F,F,,-16.075948,-47.986241,1,2024-10-14 11:27:59,2025-03-26 09:01:39
28,27,"ROD,ANS",RODOVIARIA DE ANAPOLIS - GO,Kandango Parceiras,Ponto de Controle - 12,0,120,120,0,Não Informado,0.0,0,F,F,S,F,N,T,F,F,F,F,,-16.322828,-48.946161,0,2023-09-20 14:48:41,2025-10-30 13:58:26
76,76,ROD-OSASCO,RODOVIARIA DE OSASCO-SP,Kandango Parceiras,Ponto de Controle - 12,0,100,100,5,Não Informado,0.0,-,F,F,S,F,N,T,F,F,F,F,,-23.527556,-46.775660,1,2024-09-23 16:15:55,2025-10-13 15:53:25
480,446,ROD. SSA,SALVADOR - BA / NOVO TERMINAL,Kandango Parceiras,Ponto de Controle - 12,0,90,90,0,Não Informado,0.0,-,F,F,S,F,N,T,T,F,F,F,,-12.897428,-38.444717,0,2026-04-07 14:28:03,2026-04-09 09:02:57
104,104,ROD.TDD,RODOVIARIA DE TRINDADE,Kandango Parceiras,Ponto de Controle - 12,0,70,90,5,Não Informado,0.0,-,F,F,S,F,N,T,F,F,F,F,,-16.651002,-49.489685,1,2024-10-15 09:23:35,2024-10-15 09:23:35
178,178,RODOPOSTO,RODOPOSTO - PALMAS TO,Kandango Parceiras,Ponto de Controle - 12,0,50,60,0,Não Informado,0.0,-,F,F,N,F,N,T,T,F,F,F,,-10.248132,-48.311496,1,2024-11-27 13:12:17,2025-09-17 15:20:25
390,373,ROUTE CAFE,CAMPINAS - SP / ROUTE CAFE,Kandango Parceiras,Local Não Autorizado - 42,0,90,140,20,Não Informado,0.0,-,F,F,N,F,N,T,F,F,F,F,,-23.031073,-47.071153,0,2025-08-26 09:02:57,2025-11-11 14:53:06
55,54,RS SILVA,PONTES DE APOIO R S SILVA JEQUIE-BA,Kandango Parceiras,Ponto de Controle - 12,0,1,1,10,Não Informado,0.0,-,F,F,N,F,N,F,F,F,F,F,,-12.878598,-39.856069,0,2023-09-20 16:17:41,2026-01-19 14:28:12
54,53,RSSJEQ,RODOVIARIA JEQUIE - BA ,Kandango Parceiras,Ponto de Controle - 12,0,50,50,10,Não Informado,0.0,-,F,F,S,F,N,T,T,F,F,F,,-13.861240,-40.089063,0,2023-09-20 16:14:49,2025-09-17 15:30:00
164,164,S.BONFIM,RODOVIARIA DE SENHOR DO BONFIM-BA,Kandango Parceiras,Ponto de Controle - 12,0,50,70,0,Não Informado,0.0,-,F,F,S,F,N,T,F,F,F,F,,-10.448483,-40.185774,1,2024-10-24 09:28:33,2024-10-24 09:28:33
424,399,S.GONÇALO1,AMELIA RODRIGUES - BA - POSTO SÃO GONÇALO,Kandango Parceiras,Ponto de Controle - 12,0,50,50,0,Não Informado,0.0,0,F,F,N,F,N,T,T,F,F,F,,-12.339847,-38.847642,0,2025-09-17 09:19:07,2025-09-17 09:19:07
348,334,SAD,RODOVIARIA DE SANTO ANDRE - SP,Kandango Parceiras,Ponto de Controle - 12,0,100,100,10,Não Informado,0.0,-,F,F,S,F,N,T,F,F,F,F,,-23.639087,-46.537991,0,2025-08-12 08:43:45,2025-08-12 08:43:45
160,160,SALGUEIRO,RODOVIARIA DE SALGUEIRO PE,Kandango Parceiras,Ponto de Controle - 12,0,80,100,0,Não Informado,0.0,-,F,F,S,F,N,T,F,F,F,F,,-8.071627,-39.134952,1,2024-10-22 14:23:05,2024-10-22 14:24:23
47,46,SANTA CRUZ,CHURRASCARIA COMETAO SANTA CRUZ DE SALINAS - MG,Kandango Parceiras,Ponto de Controle - 12,0,50,50,10,Não Informado,0.0,-,F,F,N,F,N,T,T,F,F,F,,-15.982422,-41.829773,0,2023-09-20 15:48:46,2025-09-17 13:34:45
16,15,SAO,RODOVIÁRIA SAO PAULO - SP ,Kandango Parceiras,Ponto de Controle - 12,0,200,200,10,Não Informado,0.0,-,F,F,S,F,N,T,T,F,F,F,,-23.516648,-46.623505,0,2023-09-20 14:12:27,2025-09-17 16:03:25
458,425,SÃO JOÃO,AGRESTINA - PE / CHURR. SÃO JOÃO,Kandango Parceiras,Local Não Autorizado - 42,0,50,50,0,Não Informado,0.0,-,F,F,N,F,N,T,F,F,F,F,,-8.437717,-35.956233,0,2025-10-09 10:41:29,2025-10-09 10:41:29
454,421,SÃO PEDRO,OLIVEIRA DOS BREJINHOS - BA - CHURR. SÃO PEDRO,Kandango Parceiras,Local Não Autorizado - 42,0,15,15,5,Não Informado,0.0,-,F,F,N,F,N,T,F,F,F,F,,-12.255138,-42.756302,0,2025-10-08 10:42:54,2025-10-08 10:42:54
350,336,SBE,RODOVIARIA DE SAO BERNARDO DO CAMPO - SP,Kandango Parceiras,Ponto de Controle - 12,0,50,50,10,Não Informado,0.0,-,F,F,S,F,N,T,F,F,F,F,,-23.727523,-46.574519,0,2025-08-12 08:46:39,2025-08-12 08:46:39
351,337,SCN,RODOVIARIA DE SAO CAETANO DO SUL - SP,Kandango Parceiras,Ponto de Controle - 12,0,50,50,10,Não Informado,0.0,-,F,F,S,F,N,T,F,F,F,F,,-23.610025,-46.571642,0,2025-08-12 08:49:02,2025-08-12 08:49:02
358,344,SDW,RODOVIARIA DE SERRA DOURADA - BA,Kandango Parceiras,Ponto de Controle - 12,0,50,50,10,Não Informado,0.0,-,F,F,S,F,N,T,F,F,F,F,,-12.753297,-43.950602,0,2025-08-12 09:03:49,2025-08-12 09:03:49
57,56,SEB,RODOVIARIA  SEABRA - BA ,Kandango Parceiras,Ponto de Controle - 12,0,30,40,10,Não Informado,0.0,-,F,F,S,F,N,T,T,F,F,F,,-12.429857,-41.771263,0,2023-09-20 16:23:55,2025-09-24 10:00:30
359,345,SEH,RODOVIARIA DE SERRINHA - BA,Kandango Parceiras,Ponto de Controle - 12,0,100,100,10,Não Informado,0.0,-,F,F,S,F,N,T,F,F,F,F,,-11.669584,-39.004587,0,2025-08-12 09:06:26,2025-08-12 09:06:26
384,368,SERTEÃZINH,GUARANI  DE GOIAIS - GO - SERTEÃZINHO,Kandango Parceiras,Local Não Autorizado - 42,0,30,50,10,Não Informado,0.0,-,F,F,N,F,N,T,F,F,F,F,,-14.052852,-46.276137,0,2025-08-21 10:13:24,2025-10-08 12:03:05
349,335,SEV,RODOVIARIA DE SANTO ESTEVAO - BA,Kandango Parceiras,Ponto de Controle - 12,0,50,50,10,Não Informado,0.0,-,F,F,S,F,N,T,F,F,F,F,,-12.443616,-39.243630,0,2025-08-12 08:45:06,2025-08-12 08:45:06
354,340,SII,RODOVIARIA DE SAO JOSE DE MIPIBU - RN,Kandango Parceiras,Ponto de Controle - 12,0,50,50,10,Não Informado,0.0,-,F,F,S,F,N,T,F,F,F,F,,-6.072266,-35.236407,0,2025-08-12 08:56:19,2025-08-12 08:56:19
361,347,SIU,RODOVIARIA DE SUMIDOURO - RJ,Kandango Parceiras,Ponto de Controle - 12,0,50,50,10,Não Informado,0.0,-,F,F,S,F,N,T,F,F,F,F,,-22.048399,-42.674233,0,2025-08-12 09:08:36,2025-08-12 09:08:36
353,339,SJB,RODOVIARIA DE SAO JOAQUIM DA BARRA - SP,Kandango Parceiras,Ponto de Controle - 12,0,50,50,10,Não Informado,0.0,-,F,F,S,F,N,T,F,F,F,F,,-20.576576,-47.869063,0,2025-08-12 08:54:54,2025-08-12 08:54:54
356,342,SJK,RODOVIARIA DE SAO JOSE DOS CAMPOS - SP,Kandango Parceiras,Ponto de Controle - 12,0,75,75,10,Não Informado,0.0,-,F,F,S,F,N,T,F,F,F,F,,-23.193570,-45.878140,0,2025-08-12 09:00:03,2025-08-12 09:00:03
355,341,SKS,RODOVIARIA DE SAO JOSE DO SERIDO - RN,Kandango Parceiras,Ponto de Controle - 12,0,50,50,10,Não Informado,0.0,-,F,F,S,F,N,T,F,F,F,F,,-6.450727,-36.876576,0,2025-08-12 08:58:02,2025-08-12 08:58:02
46,45,SLN,RODOVIARIA SALINAS - MG,Kandango Parceiras,Ponto de Controle - 12,0,30,50,10,Não Informado,0.0,-,F,F,S,F,N,T,T,F,F,F,,-16.165196,-42.310526,0,2023-09-20 15:44:36,2025-09-24 09:32:42
357,343,SMM,RODOVIARIA DE SAO MIGUEL DOS CAMPOS - AL,Kandango Parceiras,Ponto de Controle - 12,0,50,50,10,Não Informado,0.0,-,F,F,S,F,N,T,F,F,F,F,,-9.779429,-36.105484,0,2025-08-12 09:01:14,2025-08-12 09:01:14
347,333,SNZ,RODOVIARIA DE SANTA CRUZ - RN,Kandango Parceiras,Ponto de Controle - 12,0,50,50,10,Não Informado,0.0,-,F,F,S,F,N,T,F,F,F,F,,-6.223018,-36.019915,0,2025-08-12 08:40:40,2025-08-12 08:40:40
5,4,SSA,RODOVIARIA DE SALVADOR - BA,Kandango Parceiras,Ponto de Controle - 12,0,85,90,10,Não Informado,0.0,-,F,F,N,F,N,T,F,F,F,F,,-12.977645,-38.465856,0,2023-09-20 12:13:20,2026-04-09 09:03:36
124,124,STILLUS 2 ,CHURRASCARIA STILLUS 2 FORMOSA DO RIO PRETO,Kandango Parceiras,Ponto de Controle - 12,0,40,60,0,Não Informado,0.0,-,F,F,S,F,N,T,F,F,F,F,,-11.048546,-45.207938,1,2024-10-15 14:08:40,2025-09-17 11:40:20
360,346,SZA,RODOVIARIA DE SOUSA - PB,Kandango Parceiras,Ponto de Controle - 12,0,50,50,10,Não Informado,0.0,-,F,F,S,F,N,T,F,F,F,F,,-6.764882,-38.220440,0,2025-08-12 09:07:32,2025-08-12 09:07:32
66,66,TABUL,TABULEIRO DA BAHIANA VITORIA DA CONQUISTA,Kandango Parceiras,Ponto de Controle - 12,0,100,100,20,Não Informado,0.0,-,F,F,S,F,N,T,T,F,F,F,,-15.122237,-41.032715,0,2024-02-02 00:14:40,2025-11-03 09:06:55
29,28,TAG,RODOVIARIA DE TAGUATINGA - BSB,Kandango Parceiras,Ponto de Controle - 12,0,70,90,0,Não Informado,0.0,-,F,F,S,F,N,T,F,F,F,F,,-15.835736,-48.082625,0,2023-09-20 14:50:39,2025-09-17 09:38:13
364,350,TAU,RODOVIARIA DE TAUBATE - SP,Kandango Parceiras,Ponto de Controle - 12,0,75,75,10,Não Informado,0.0,-,F,F,S,F,N,T,F,F,F,F,,-23.020120,-45.536020,0,2025-08-12 09:12:35,2025-08-12 09:12:35
370,356,TCN,RODOVIARIA DE TUCANO - BA,Kandango Parceiras,Ponto de Controle - 12,0,50,50,10,Não Informado,0.0,-,F,F,S,F,N,T,F,F,F,F,,-10.961703,-38.788562,0,2025-08-12 09:21:31,2025-08-12 09:21:31
368,354,TCS,RODOVIARIA DE TRES CORACOES - MG,Kandango Parceiras,Ponto de Controle - 12,0,50,50,10,Não Informado,0.0,-,F,F,S,F,N,T,F,F,F,F,,-21.700144,-45.259711,0,2025-08-12 09:18:41,2025-08-12 09:18:41
399,382,TD CAIPIRA,VITORIA DA CONQUISTA - BA - REST.E & LANCH. TUDO C,Kandango Parceiras,Local Não Autorizado - 42,0,50,50,10,Não Informado,0.0,-,F,F,N,F,N,T,F,F,F,F,,-16.995740,-44.277862,0,2025-08-27 14:31:04,2025-09-17 15:38:38
369,355,TDD,RODOVIARIA DE TRINDADE - PE,Kandango Parceiras,Ponto de Controle - 12,0,50,50,10,Não Informado,0.0,-,F,F,S,F,N,T,F,F,F,F,,-7.760439,-40.264224,0,2025-08-12 09:20:03,2025-08-12 09:20:03
365,351,TDS,RODOVIARIA DE TEODORO SAMPAIO - BA,Kandango Parceiras,Ponto de Controle - 12,0,50,50,10,Não Informado,0.0,-,F,F,S,F,N,T,F,F,F,F,,-22.528959,-52.168257,0,2025-08-12 09:14:43,2025-08-12 09:14:43
362,348,TNG,RODOVIARIA DE TANGARA - RN,Kandango Parceiras,Ponto de Controle - 12,0,50,50,10,Não Informado,0.0,-,F,F,S,F,N,T,F,F,F,F,,-6.199318,-35.801367,0,2025-08-12 09:09:50,2025-08-12 09:09:50
367,353,TNVL,RODOVIARIA DE TEOTONIO VILELA - AL,Kandango Parceiras,Ponto de Controle - 12,0,50,50,10,Não Informado,0.0,-,F,F,S,F,N,T,F,F,F,F,,-9.900636,-36.363608,0,2025-08-12 09:17:38,2025-08-12 09:17:38
366,352,TOT,RODOVIARIA DE TEOFILO OTONI - MG,Kandango Parceiras,Ponto de Controle - 12,0,50,50,10,Não Informado,0.0,-,F,F,S,F,N,T,F,F,F,F,,-17.868056,-41.512260,0,2025-08-12 09:16:38,2025-08-12 09:16:38
371,357,TPC,RODOVIARIA DE TUPACIGUARA - MG,Kandango Parceiras,Ponto de Controle - 12,0,50,50,10,Não Informado,0.0,-,F,F,S,F,N,T,F,F,F,F,,-18.604023,-48.686919,0,2025-08-12 09:22:41,2025-08-12 09:22:41
363,349,TQRT,RODOVIARIA DE TAQUARALTO - TO,Kandango Parceiras,Ponto de Controle - 12,0,50,50,10,Não Informado,0.0,-,F,F,S,F,N,T,F,F,F,F,,-10.329214,-48.298602,0,2025-08-12 09:11:10,2025-08-12 09:11:10
32,31,UDI,RODOVIARIA UBERLANDIA - MG,Kandango Parceiras,Ponto de Controle - 12,0,80,80,10,Não Informado,0.0,-,F,F,S,F,N,T,F,F,F,F,,-18.905253,-48.285044,0,2023-09-20 15:00:02,2025-09-18 15:01:21
372,358,UMB,RODOVIARIA DE UMBAUBA - SE,Kandango Parceiras,Ponto de Controle - 12,0,50,50,10,Não Informado,0.0,-,F,F,S,F,N,T,F,F,F,F,,-11.382678,-37.659405,0,2025-08-12 09:24:13,2025-08-12 09:24:13
373,359,UPS,RODOVIARIA DE UNIAO DOS PALMARES - AL,Kandango Parceiras,Ponto de Controle - 12,0,50,50,10,Não Informado,0.0,-,F,F,S,F,N,T,F,F,F,F,,-9.159379,-36.032024,0,2025-08-12 09:25:25,2025-08-12 09:25:25
30,29,URA ,RODOVIARIA DE UBERABA - MG ,Kandango Parceiras,Ponto de Controle - 12,0,80,80,10,Não Informado,0.0,-,F,F,S,F,N,T,F,F,F,F,,-19.762849,-47.945511,0,2023-09-20 14:51:37,2025-09-17 08:55:19
374,360,UTG,RODOVIARIA DE UTINGA - BA,Kandango Parceiras,Ponto de Controle - 12,0,50,50,10,Não Informado,0.0,-,F,F,S,F,N,T,F,F,F,F,,-12.077585,-41.093491,0,2025-08-12 09:26:40,2025-08-12 09:26:40
375,361,VARG,RODOVIARIA DE VARGEM - SP,Kandango Parceiras,Ponto de Controle - 12,0,50,50,10,Não Informado,0.0,-,F,F,S,F,N,T,F,F,F,F,,-22.892437,-46.416359,0,2025-08-12 09:27:38,2025-08-12 09:27:38
51,50,VDC,RODOVIARIA VITORIA DA CONQUISTA - BA ,Kandango Parceiras,Ponto de Controle - 12,0,100,100,10,Não Informado,0.0,-,F,F,S,F,N,T,T,F,F,F,,-14.879962,-40.853949,0,2023-09-20 16:06:55,2025-09-18 09:52:42
380,364,VIA.MONT,VIA MONTES (POSTO MONTES CLAROS),Kandango Parceiras,Ponto de Controle - 12,0,59,80,30,Não Informado,0.0,-,F,F,N,F,N,T,T,F,F,F,,-16.771158,-43.856098,0,2025-08-12 09:42:28,2025-10-31 16:53:25
394,377,VOLVO DF,VOLVO BRASÍLIA,Kandango Parceiras,Ponto de Fechamento - 1,0,200,200,30,Não Informado,0.0,-,F,F,N,F,N,T,T,F,F,F,,-16.020226,-47.983100,0,2025-08-26 10:50:45,2025-12-01 16:07:07
472,439,VOLVO GRS,VOLVO GUARULHOS,Kandango Parceiras,Ponto de Fechamento - 1,0,100,100,30,Não Informado,0.0,-,F,F,N,F,N,F,F,F,F,F,,-23.423035,-46.391955,0,2026-01-13 16:22:41,2026-01-22 10:40:08
391,374,VOLVO GYN,VOLVO GOIÂNIA,Kandango Parceiras,Ponto de Fechamento - 1,0,100,100,30,Não Informado,0.0,-,F,F,N,F,N,T,T,F,F,F,,-16.829352,-49.241732,0,2025-08-26 10:00:26,2025-09-17 15:41:55
392,375,VOLVO PATO,VOLVO PATO DE MINAS,Kandango Parceiras,Ponto de Fechamento - 1,0,100,100,30,Não Informado,0.0,-,F,F,N,F,N,T,T,F,F,F,,-18.640509,-46.492393,0,2025-08-26 10:09:14,2025-09-17 15:42:16
404,387,VOLVO SE,VOLVO SERGIPE,Kandango Parceiras,Ponto de Fechamento - 1,0,100,100,30,Não Informado,0.0,-,F,F,N,F,N,T,T,F,F,F,,-10.910455,-37.157787,0,2025-09-01 13:47:46,2025-09-17 15:42:36
405,388,VOLVO SP,VOLVO VILA JARAGUÁ SP,Kandango Parceiras,Ponto de Fechamento - 1,0,100,100,30,Não Informado,0.0,-,F,F,N,F,N,T,T,F,F,F,,-23.492361,-46.757132,0,2025-09-01 14:18:27,2025-09-17 15:43:05
393,376,VOLVOPIAUÍ,VOLVO TERESINA PI,Kandango Parceiras,Ponto de Fechamento - 1,0,100,100,30,Não Informado,0.0,-,F,F,N,F,N,T,T,F,F,F,,-5.172407,-42.767504,0,2025-08-26 10:14:20,2025-09-17 15:43:28
376,362,VSA,RODOVIARIA DE VITORIA DE SANTO ANTAO - PE,Kandango Parceiras,Ponto de Controle - 12,0,50,50,10,Não Informado,0.0,-,F,F,S,F,N,T,F,F,F,F,,-8.114146,-35.296829,0,2025-08-12 09:29:12,2025-08-12 09:29:12